student_id,Age,Gender,Living_Status,GPA,Attendance_Rate,acad_workload_stress,acad_exam_anxiety,acad_confidence,acad_grade_pressure,sleep_duration,sleep_disturbance,sleep_restfulness,sleep_aid_usage,screen_time_daily,screen_distraction,screen_bedtime_habit,screen_physical_strain,social_media_daily,social_media_comparison,social_media_dependency,fin_expense_worry,fin_academic_impact,fin_work_status,fam_communication,fam_support_emotional,fam_conflict_stress,fam_contact_satisfaction,phys_exercise_frequency,phys_stress_relief,phys_sedentary_habit,study_hours_weekly,study_cramming_habit,study_procrastination,study_peer_collaboration,well_depressive_mood,well_anxious_mood,well_emotional_coping,well_loneliness,well_optimism,well_overwhelmed,env_belonging,env_safety,env_counseling_use,Coping_Mechanism,Risk_Level
STU-2026-0001,19,Male,Off-Campus with family,3.11,1.0,4,3,2,5,7.5,2,4,1,5.407851032678482,2,3,3,2.6010012770580744,3,5,2,3,Part-time,3,2,1,3,1.5,5,5,11.881972825353966,5,2,2,1.0,2,4,2,4,3,2,3,0,Social Support Seeking,2
STU-2026-0002,24,Female,On-Campus,2.95,1.0,2,1,4,2,8.5,2,4,1,8.049150612030164,3,4,4,2.0603192614565216,3,1,2,3,No,4,5,1,3,0.0,2,4,7.256185389383606,3,2,2,0.0,0,5,1,5,2,4,4,0,Social Support Seeking,0
STU-2026-0003,21,Female,Off-Campus with family,2.67,1.0,1,1,5,2,8.3,2,4,2,5.015158314737915,2,5,2,2.531415931525274,1,2,1,2,No,2,2,1,1,5.5,4,4,15.530893839111059,2,2,1,0.0,1,4,2,4,4,1,3,2,Active Coping,1
STU-2026-0004,20,Female,Off-Campus with family,3.21,0.6,3,3,3,3,8.0,2,3,2,1.0,1,4,1,0.5,2,2,2,2,No,5,4,1,4,0.0,3,2,12.652239104693335,4,3,4,0.0,3,5,1,5,2,5,4,0,Active Coping,1
STU-2026-0005,19,Male,Off-Campus with family,2.76,1.0,4,3,2,4,8.1,1,5,1,6.194967056980409,3,4,3,3.6921787870492597,2,3,1,1,No,4,5,3,3,3.5,2,4,14.02351152208953,3,5,4,0.0,2,4,2,5,1,5,4,0,Denial,0
STU-2026-0006,19,Female,Off-Campus with family,2.89,1.0,2,1,3,2,6.3,2,4,1,6.397517015362009,3,4,2,4.435678795155808,5,3,3,3,Part-time,2,2,1,1,0.0,3,4,16.52330914349041,5,2,2,0.0,1,4,1,4,2,4,5,0,Active Coping,0
STU-2026-0007,18,Male,Off-Campus alone,2.78,1.0,3,2,4,4,7.7,4,2,1,7.023066085360818,2,3,3,2.285563702535234,2,1,1,2,Part-time,3,4,5,3,1.5,4,4,2.490985693060683,2,3,4,0.0,2,5,3,5,3,2,4,0,Social Support Seeking,1
STU-2026-0008,22,Male,Off-Campus alone,2.69,1.0,5,5,1,5,5.5,3,3,2,10.147208433223824,5,5,4,4.615236804466186,3,3,4,4,No,2,1,2,2,1.5,2,5,7.333626981454376,3,5,2,2.0,3,3,3,3,5,2,3,0,Social Support Seeking,2
STU-2026-0009,20,Female,Off-Campus with family,3.49,0.8,4,4,1,5,6.4,1,5,1,7.133806994747613,2,4,4,4.6685965953908415,3,1,1,1,No,2,1,1,2,0.0,4,3,26.48221538402594,4,4,1,1.0,3,4,2,4,3,3,4,0,Substance Use,2
STU-2026-0010,21,Male,On-Campus,2.22,0.8,5,5,2,5,7.9,1,5,1,7.607343386064268,4,5,3,4.5080732142471875,3,3,4,3,Full-time,4,3,1,3,5.5,2,4,12.466947466501912,2,4,4,0.0,3,4,1,5,1,2,2,2,Active Coping,1
STU-2026-0011,18,Male,Off-Campus alone,2.68,1.0,3,2,4,3,4.4,3,3,1,9.638842434123548,5,3,5,4.276784765318383,3,3,4,4,No,4,3,2,4,0.0,3,5,2.4128344880123542,3,2,3,2.0,2,5,2,5,4,3,1,0,Active Coping,2
STU-2026-0012,24,Non-Binary,Off-Campus alone,2.76,0.8,3,3,4,4,9.2,2,3,2,7.025860039589405,2,2,4,4.726196455712473,1,4,3,2,No,5,5,2,4,3.5,3,5,7.7502991024187375,5,4,2,0.0,1,5,2,4,4,5,4,1,Active Coping,1
STU-2026-0013,22,Non-Binary,On-Campus,3.38,1.0,4,3,2,5,7.5,2,3,1,12.341301863225254,4,5,5,2.8214480288169774,1,1,2,1,No,4,5,1,4,3.5,5,5,27.422336843207166,3,2,2,0.0,3,5,2,5,3,3,3,0,Social Support Seeking,1
STU-2026-0014,19,Female,Off-Campus alone,2.01,0.4,3,3,4,4,6.1,1,5,2,3.840729265052495,2,4,3,2.5560026752372993,2,2,3,4,Part-time,5,5,1,5,1.5,4,3,11.4850126986508,3,5,5,0.0,3,5,3,5,2,4,4,0,Active Coping,1
STU-2026-0015,19,Female,Off-Campus alone,2.92,0.4,1,1,5,2,10.0,1,4,2,4.66463071723039,2,3,2,1.0507253104241019,1,2,3,3,Part-time,5,4,3,4,3.5,5,4,20.795076224485783,5,4,4,0.0,0,4,1,4,1,4,4,0,Active Coping,0
STU-2026-0016,19,Male,Off-Campus with family,3.07,1.0,2,2,5,3,9.9,1,5,1,8.534896020677035,5,3,3,4.042573745456448,2,3,3,3,No,5,5,1,4,1.5,4,5,15.605589991686026,2,4,4,0.0,1,5,2,5,2,5,5,0,Active Coping,0
STU-2026-0017,19,Male,Off-Campus with family,2.66,0.6,3,4,2,3,6.8,1,5,1,10.135783832346597,3,5,4,6.53981524867371,3,3,5,5,No,3,2,4,2,3.5,3,5,12.575164812505145,5,2,1,0.0,2,4,2,4,3,1,5,0,Social Support Seeking,1
STU-2026-0018,20,Male,On-Campus,2.56,0.8,2,3,3,3,6.6,2,4,2,6.498012507828439,2,4,4,2.1531844902306054,1,1,4,3,Part-time,2,2,2,2,1.5,4,3,18.877227353815464,4,2,4,1.0,2,4,2,4,3,3,2,0,Substance Use,2
STU-2026-0019,20,Female,On-Campus,3.09,1.0,3,2,3,3,9.5,1,4,1,4.4734470730264855,3,4,3,1.9509787472789824,3,3,3,2,Part-time,2,2,1,1,1.5,1,4,3.078216623218559,3,2,2,0.0,2,4,3,4,2,4,4,0,Social Support Seeking,1
STU-2026-0020,19,Female,On-Campus,2.6,1.0,2,2,3,2,6.4,1,5,3,11.402473963063379,4,3,5,4.129570592527072,2,3,3,3,No,4,4,1,4,1.5,4,5,7.794336900716986,3,3,5,0.0,2,4,2,5,2,4,3,0,Social Support Seeking,1
STU-2026-0021,20,Female,Off-Campus alone,2.9,1.0,1,1,5,1,7.9,3,3,1,5.019077762989224,2,4,3,3.3932577332795297,3,1,4,3,Full-time,3,4,1,3,3.5,3,4,12.538244939302196,5,2,1,0.0,1,4,2,4,2,5,4,1,Denial,0
STU-2026-0022,18,Female,On-Campus,1.99,0.8,4,3,1,4,8.5,1,4,1,7.8476361278324465,3,5,4,4.801362688523688,3,4,1,2,No,2,3,3,2,5.5,3,5,8.285478008651959,2,4,2,0.0,2,4,1,5,2,4,3,0,Active Coping,1
STU-2026-0023,19,Male,On-Campus,3.13,0.4,3,3,4,3,6.8,2,3,3,10.285379528369463,4,3,4,5.703250720763569,3,2,2,3,No,3,2,1,2,0.0,4,5,12.096111057480142,2,2,2,0.0,2,4,1,4,3,2,2,0,Active Coping,1
STU-2026-0024,19,Female,On-Campus,2.98,0.8,4,3,1,4,7.4,1,5,1,5.895986941447448,2,4,3,2.911517908051887,4,2,5,5,Full-time,1,2,1,1,1.5,4,3,19.26856522841414,2,4,4,0.0,2,3,3,5,3,3,4,0,Denial,1
STU-2026-0025,20,Male,Off-Campus with family,2.92,0.6,2,2,4,3,6.4,2,3,1,5.444680406858215,3,5,2,3.3228661000525994,3,3,1,2,No,4,5,2,3,1.5,5,4,15.660683606679905,2,1,4,0.0,1,5,1,5,2,1,4,0,Social Support Seeking,0
STU-2026-0026,21,Female,Off-Campus alone,3.55,0.8,2,1,3,3,7.0,3,2,2,5.61578064492584,1,3,3,2.2245989587002963,2,3,4,5,Part-time,1,1,1,1,3.5,4,3,21.653085177547947,3,2,2,1.0,2,4,3,3,4,4,4,0,Active Coping,2
STU-2026-0027,19,Male,On-Campus,2.8,0.8,4,4,3,5,6.9,1,5,1,9.25387814143691,2,4,4,3.9215707928501446,2,1,1,1,No,4,3,2,4,0.0,4,4,15.976876421758721,5,4,3,0.0,2,3,2,5,3,4,4,0,Active Coping,1
STU-2026-0028,20,Female,On-Campus,3.44,0.8,3,2,3,3,5.8,2,4,1,9.650369263006649,3,4,4,5.452466938131678,4,4,2,3,No,4,4,3,3,3.5,3,4,19.962304157472634,5,4,4,0.0,2,3,2,5,2,4,4,1,Denial,1
STU-2026-0029,20,Male,Off-Campus with family,2.43,1.0,3,3,4,4,6.3,2,4,1,7.084313479405318,3,4,3,2.684086141842623,3,3,2,3,Full-time,2,1,2,2,0.0,5,4,14.679648499357512,2,3,1,2.0,2,4,4,5,4,5,4,1,Active Coping,2
STU-2026-0030,18,Male,Off-Campus with family,3.12,1.0,3,4,4,4,6.8,1,4,2,11.707705632674333,5,4,5,2.715607836111338,3,2,2,3,No,4,3,4,4,1.5,4,5,12.048622583201087,3,1,4,1.0,2,4,2,5,3,4,4,0,Denial,2
STU-2026-0031,20,Male,On-Campus,3.71,0.8,5,5,1,5,5.6,2,3,2,7.07991639817532,2,4,3,1.6791246878372872,1,2,4,3,Part-time,4,5,3,4,3.5,4,5,22.40284027770944,4,4,5,0.0,3,5,1,5,3,3,2,1,Active Coping,1
STU-2026-0032,19,Female,Off-Campus with family,2.76,1.0,3,2,4,3,6.1,3,2,1,10.230833035420414,4,4,3,2.636295386412601,2,1,2,2,No,3,3,1,2,3.5,2,5,11.453248560319667,1,3,1,1.0,2,4,2,4,3,2,4,0,Active Coping,2
STU-2026-0033,18,Female,On-Campus,3.36,0.8,3,4,4,4,9.6,1,5,2,5.9199959893726515,3,4,3,3.758254170987922,4,1,3,3,No,2,3,1,2,3.5,4,4,16.719224115621497,4,3,1,0.0,2,5,2,5,3,5,4,1,Active Coping,1
STU-2026-0034,23,Male,On-Campus,3.76,1.0,4,4,1,4,6.2,2,3,3,12.83439133426391,4,4,4,5.597247640120706,3,5,3,3,No,3,4,1,3,1.5,3,5,18.844486816122366,5,4,2,0.0,3,4,3,5,2,2,3,0,Denial,1
STU-2026-0035,24,Male,Off-Campus with family,3.14,1.0,3,4,4,4,6.4,2,3,1,10.925328538949278,3,2,4,6.07930275514777,5,4,5,4,Part-time,4,5,2,3,3.5,4,5,19.20746352235428,5,3,1,0.0,2,4,3,5,4,2,2,0,Denial,1
STU-2026-0036,22,Female,Off-Campus with family,2.64,0.8,3,3,4,3,7.1,2,4,1,6.680063411178711,3,4,2,2.6483423205781347,2,2,1,1,No,4,3,1,3,1.5,5,3,9.172786648899901,3,1,2,0.0,2,5,1,4,3,2,3,0,Active Coping,1
STU-2026-0037,19,Male,Off-Campus alone,2.99,1.0,3,4,4,3,6.6,2,4,1,10.586350521792507,5,5,4,3.4866724909419697,3,3,3,3,Part-time,2,2,5,1,5.5,5,5,20.259752029141328,3,5,3,0.0,2,4,4,4,4,3,4,0,Social Support Seeking,1
STU-2026-0038,18,Female,On-Campus,2.73,1.0,4,3,3,4,7.5,2,4,1,10.459951227930045,4,4,4,3.9077968152960354,3,3,1,1,No,3,3,2,2,1.5,4,3,10.105223769463649,1,4,3,1.0,3,5,1,5,3,2,5,0,Active Coping,2
STU-2026-0039,21,Female,Off-Campus with family,2.97,1.0,2,2,4,3,7.4,3,2,1,10.882602690731622,3,5,3,6.497906002186489,3,4,5,5,Full-time,3,4,1,2,1.5,5,5,19.05351827674997,3,1,1,0.0,1,5,4,5,3,5,4,2,Active Coping,0
STU-2026-0040,20,Male,Off-Campus with family,2.69,0.6,2,2,3,3,8.0,1,5,2,1.0,1,4,1,0.512608062515719,1,2,4,3,No,5,4,2,4,0.0,2,3,17.675867355245494,3,3,3,0.0,2,3,2,5,2,5,4,0,Denial,1
STU-2026-0041,18,Male,On-Campus,3.58,1.0,3,2,4,3,7.0,2,3,1,8.798378623227089,4,5,5,5.884530622779897,3,3,3,4,Part-time,3,3,1,3,1.5,5,5,19.093153308899492,5,1,3,0.0,2,4,1,4,3,5,5,0,Active Coping,1
STU-2026-0042,20,Prefer not to say,Off-Campus with family,2.4,0.6,4,5,3,5,8.6,1,4,1,8.355746923264354,4,5,3,4.5108699408136,3,4,4,5,Part-time,5,5,3,5,0.0,4,4,8.974982394504863,5,5,5,0.0,3,5,2,5,1,1,3,0,Denial,1
STU-2026-0043,18,Male,On-Campus,3.25,1.0,1,1,5,1,5.8,2,4,1,8.177683202358631,3,3,3,3.9669190166186237,4,3,3,3,Part-time,3,4,2,3,3.5,4,4,17.939648713671957,5,4,1,1.0,0,5,2,4,2,5,3,1,Social Support Seeking,0
STU-2026-0044,23,Male,Off-Campus alone,2.98,0.4,5,4,2,5,7.3,3,3,1,7.545866083494744,4,4,5,3.8114019009439795,3,2,4,3,Part-time,4,3,1,4,3.5,5,4,20.42796838204086,5,2,3,0.0,3,4,2,4,3,5,4,2,Substance Use,2
STU-2026-0045,19,Female,On-Campus,3.25,0.4,3,4,3,4,7.5,3,3,1,7.619528198786316,3,4,3,5.114118518137482,3,3,1,1,Part-time,4,5,1,3,5.5,5,5,15.966978915808703,1,1,5,0.0,3,4,1,4,3,5,4,0,Denial,2
STU-2026-0046,21,Non-Binary,Off-Campus with family,2.76,1.0,5,4,1,5,6.2,3,3,1,10.207850763245201,3,4,5,6.064488884414256,5,4,4,5,Part-time,4,4,4,4,0.0,3,4,10.906916601977116,3,1,3,0.0,3,3,2,5,3,4,4,1,Denial,2
STU-2026-0047,19,Prefer not to say,On-Campus,3.35,1.0,5,5,1,5,7.1,3,3,1,8.348683434233429,4,2,3,1.7700930269165125,2,2,1,2,No,3,2,2,2,0.0,5,4,19.59873807163995,1,3,2,0.0,3,5,2,4,4,4,4,1,Active Coping,2
STU-2026-0048,20,Female,Off-Campus alone,3.32,1.0,3,3,4,3,6.5,2,3,1,7.542266109330907,2,5,3,3.5227650857724697,2,1,4,3,No,4,5,5,3,3.5,2,4,15.56959814050385,2,4,1,,2,3,2,4,2,2,5,0,Denial,1
STU-2026-0049,20,Male,Off-Campus with family,3.1,0.8,2,2,5,2,7.7,3,2,2,9.848452537089047,3,1,5,5.359224595203614,2,3,5,4,Full-time,3,3,1,3,1.5,5,4,6.627778680861521,3,2,4,0.0,1,5,3,5,4,5,4,1,Active Coping,1
STU-2026-0050,19,Male,Off-Campus with family,2.74,1.0,2,1,5,3,6.0,4,1,1,8.045065446029675,4,4,3,4.620677218398854,4,3,4,3,Part-time,3,4,1,3,1.5,4,4,10.519052688416698,4,2,2,0.0,1,5,1,5,3,1,2,0,Social Support Seeking,0
STU-2026-0051,24,Female,On-Campus,2.78,1.0,2,2,4,2,8.3,1,5,1,8.28392106838345,4,4,4,2.5396104600489995,2,3,1,1,Part-time,4,5,1,3,3.5,2,4,12.368527343865132,4,3,5,0.0,1,5,1,5,2,3,4,0,Active Coping,0
STU-2026-0052,21,Female,Off-Campus with family,3.03,1.0,4,4,3,5,6.7,3,2,1,11.667592772028069,3,3,5,7.392454670837123,4,5,2,1,No,5,5,2,4,1.5,4,5,22.529091438198282,1,2,4,0.0,2,4,2,3,2,5,2,0,Denial,1
STU-2026-0053,23,Male,On-Campus,3.98,1.0,2,2,5,2,7.2,2,4,1,5.913798218625882,1,5,2,4.009091394250296,2,4,1,1,No,4,3,1,3,0.0,4,3,21.65091543153107,1,3,2,0.0,2,5,2,4,2,3,4,0,Social Support Seeking,0
STU-2026-0054,22,Female,Off-Campus alone,3.73,1.0,3,3,2,4,7.0,3,3,1,3.2107241539968934,1,5,2,1.0221586058478214,3,1,2,2,No,3,3,1,2,3.5,4,4,21.63484265528338,1,4,3,0.0,3,5,4,5,3,2,3,0,Social Support Seeking,1
STU-2026-0055,20,Male,On-Campus,2.99,0.8,3,3,4,4,8.5,1,4,1,7.180908777476993,2,4,3,4.605172298506629,3,3,1,1,Part-time,4,4,2,4,0.0,3,4,16.16180138841933,1,4,1,0.0,2,5,1,5,3,5,4,0,Social Support Seeking,1
STU-2026-0056,23,Female,On-Campus,3.51,0.4,5,5,1,5,6.7,2,3,3,7.53635836239241,3,4,3,1.8727050264098037,3,2,4,5,No,4,4,2,3,3.5,3,4,19.567973958895998,2,5,2,0.0,3,4,1,4,3,5,4,1,Denial,2
STU-2026-0057,18,Male,On-Campus,2.82,1.0,2,1,5,3,6.0,2,4,1,8.803822573642977,3,3,3,2.005981065377408,2,3,2,2,No,5,5,1,5,0.0,5,5,9.296102956570547,4,5,3,0.0,1,5,1,5,1,2,5,1,Active Coping,0
STU-2026-0058,19,Female,Off-Campus with family,3.28,1.0,1,1,4,2,8.5,1,4,1,7.268289786654902,4,5,3,1.9232759705707545,1,3,2,1,No,5,4,2,4,3.5,3,4,15.034015491963856,4,4,3,0.0,0,5,2,5,1,5,4,1,Social Support Seeking,0
STU-2026-0059,18,Male,Off-Campus with family,3.15,1.0,1,1,5,1,6.3,2,4,4,8.887798109931397,3,2,1,2.0341551504625404,2,1,2,3,No,4,5,3,3,0.0,4,4,17.258163508247982,3,4,2,0.0,1,5,2,5,2,3,4,0,Active Coping,0
STU-2026-0060,19,Male,On-Campus,2.88,0.8,5,5,1,5,6.4,2,3,2,13.261541700678922,4,4,5,8.0,4,4,2,2,No,3,3,1,2,3.5,4,5,9.625504713454399,4,5,4,0.0,3,5,2,5,4,3,3,0,Active Coping,2
STU-2026-0061,19,Male,Off-Campus alone,2.99,0.6,4,3,2,4,,1,4,1,9.003785797192522,2,5,4,2.0665945854362824,2,2,3,4,No,4,3,1,4,0.0,2,4,16.04956044820935,2,1,2,0.0,2,4,3,4,3,3,5,0,Substance Use,1
STU-2026-0062,19,Female,Off-Campus with family,3.05,0.6,2,1,3,3,7.2,1,4,3,9.44328825262867,4,3,3,3.1713592840078713,2,4,3,2,Part-time,4,5,1,3,3.5,4,5,23.43319592902172,5,1,2,0.0,1,4,2,4,1,1,5,1,Denial,0
STU-2026-0063,22,Female,Off-Campus with family,3.2,0.4,2,1,3,2,9.2,1,4,1,6.676171480693915,1,5,3,1.6815818669663656,2,1,4,3,No,5,4,3,5,1.5,4,5,17.793848922803136,2,1,2,0.0,1,5,1,5,2,3,3,0,Social Support Seeking,0
STU-2026-0064,19,Female,Off-Campus with family,3.45,1.0,2,1,3,3,7.1,3,2,1,3.5368572762317445,1,1,4,1.229804244594118,1,1,2,1,No,2,1,3,2,0.0,4,1,19.587726033320603,4,4,2,1.0,2,5,2,4,3,1,5,2,Social Support Seeking,1
STU-2026-0065,19,Non-Binary,Off-Campus with family,2.81,0.8,2,2,5,3,8.1,2,4,3,1.2547210321756364,1,5,2,0.5,1,2,5,4,No,1,1,1,1,3.5,4,3,2.737965382838688,5,4,5,0.0,1,5,3,4,3,5,4,1,Social Support Seeking,0
STU-2026-0066,20,Male,Off-Campus with family,3.35,0.8,5,5,2,5,7.5,3,2,1,5.703298544660704,2,2,4,3.0455706928277664,3,3,4,4,No,1,1,1,1,1.5,4,2,22.78984424576462,5,3,3,0.0,3,5,3,4,4,4,4,0,Active Coping,2
STU-2026-0067,18,Male,On-Campus,,1.0,4,5,3,5,9.0,1,4,1,1.0,1,4,1,0.5,1,2,1,1,No,4,5,4,4,0.0,3,3,14.069388261239151,1,3,3,0.0,3,3,1,4,1,5,4,0,Substance Use,1
STU-2026-0068,22,Female,On-Campus,3.13,0.4,3,4,3,3,8.5,1,4,1,8.283872562548185,2,3,4,5.185066058797245,4,4,4,5,No,5,5,5,5,0.0,5,3,11.156568429649788,4,3,3,0.0,1,5,2,5,2,4,2,0,Social Support Seeking,0
STU-2026-0069,18,,Off-Campus alone,2.95,1.0,5,4,1,5,7.7,1,5,1,6.0429575389378645,3,5,2,3.6777169181581275,1,2,2,1,Part-time,1,1,2,1,1.5,2,3,14.126810740950349,1,1,1,1.0,3,4,4,4,5,2,5,0,Social Support Seeking,2
STU-2026-0070,25,Non-Binary,Off-Campus alone,2.79,0.8,2,3,3,2,7.8,2,4,1,3.716562833811892,3,4,3,0.7686998229960259,2,1,4,5,No,4,3,5,3,0.0,5,4,7.574889208595511,1,3,2,1.0,2,5,3,5,2,5,4,0,Active Coping,1
STU-2026-0071,21,Male,On-Campus,3.45,1.0,4,5,2,4,5.9,3,3,1,7.327185299871564,4,2,4,4.747013552393251,4,4,3,3,Part-time,4,4,2,4,0.0,4,5,20.239710308760714,1,1,3,1.0,3,5,3,5,3,5,3,1,Active Coping,2
STU-2026-0072,19,Non-Binary,On-Campus,3.11,1.0,5,4,1,5,7.8,4,2,4,5.15341951589549,2,4,3,1.1052650065688623,1,2,5,4,Part-time,4,5,3,4,1.5,5,4,13.323021386131035,5,2,5,0.0,3,5,2,5,2,3,5,0,Social Support Seeking,1
STU-2026-0073,18,Male,Off-Campus with family,3.1,0.8,3,2,2,3,6.6,3,3,3,8.126940634126921,3,4,3,2.599181660609789,1,1,5,4,Part-time,3,2,1,2,1.5,4,5,11.306845939869653,5,5,4,0.0,2,5,1,5,3,2,4,1,Active Coping,1
STU-2026-0074,22,Female,Off-Campus with family,3.35,1.0,4,5,1,4,7.8,2,3,3,8.76906582455626,4,4,4,1.8958244054904132,2,3,4,4,No,5,4,1,5,1.5,3,3,14.159724671558175,2,5,2,0.0,3,4,1,4,2,4,2,1,Denial,1
STU-2026-0075,21,Female,On-Campus,3.2,1.0,2,2,4,3,7.3,2,3,1,5.2454145925288955,1,5,3,1.9299020823666877,2,3,3,3,No,1,1,1,1,0.0,5,4,20.590078272880703,3,5,2,1.0,2,5,3,4,3,4,3,0,Active Coping,1
STU-2026-0076,21,Prefer not to say,On-Campus,3.57,1.0,2,3,5,3,7.3,3,2,1,6.406797047274185,3,4,4,2.927478679271253,1,3,2,2,No,4,4,3,4,5.5,2,4,15.657292003906104,5,4,1,0.0,1,4,2,4,3,5,4,0,Denial,1
STU-2026-0077,21,Male,Off-Campus with family,2.62,0.8,2,3,4,3,5.9,2,4,3,7.5372393845955505,4,3,3,4.509699418057542,2,4,1,1,No,3,3,4,2,3.5,2,5,7.951531152332665,3,4,1,1.0,2,5,3,4,2,1,2,1,Substance Use,1
STU-2026-0078,18,Female,Off-Campus with family,3.25,1.0,3,3,2,4,6.2,3,3,2,3.4823944661439374,1,1,3,1.2849714337362401,3,3,4,4,Full-time,3,4,2,3,1.5,3,2,17.32490414870541,3,4,2,0.0,3,5,2,5,3,2,5,0,Active Coping,1
STU-2026-0079,19,Non-Binary,On-Campus,2.77,1.0,4,4,1,4,9.2,1,4,1,7.53701880719254,4,4,5,4.166049553562512,3,2,1,1,No,5,4,1,4,0.0,5,4,10.355100228386874,3,4,3,,3,5,2,5,2,4,4,0,Substance Use,1
STU-2026-0080,18,Female,On-Campus,2.26,0.6,5,4,1,5,8.1,1,5,1,3.422453379801511,4,4,2,1.005353307457653,1,4,3,3,No,3,2,1,2,5.5,4,3,4.219494843125917,4,4,2,0.0,3,4,2,4,2,4,4,0,Active Coping,1
STU-2026-0081,22,,On-Campus,3.56,0.8,4,3,1,4,7.6,1,5,1,8.414292448882174,4,4,4,4.840735953138792,4,5,3,2,Part-time,2,2,1,1,1.5,4,5,22.480036063585892,3,3,3,0.0,3,5,2,4,4,1,4,0,Active Coping,2
STU-2026-0082,20,Female,Off-Campus with family,4.0,1.0,5,5,1,5,6.7,3,3,1,5.912090843429501,3,3,2,1.8800348551241224,1,2,5,4,Part-time,4,5,1,4,1.5,4,4,17.286149374138446,4,3,3,0.0,3,5,2,5,2,3,4,0,Active Coping,1
STU-2026-0083,19,Female,On-Campus,2.84,0.8,4,4,2,4,8.9,1,4,1,3.4086431648894138,1,4,3,0.9263750585796046,1,1,3,3,No,4,5,2,3,1.5,4,4,14.608646680982925,3,4,2,0.0,2,5,1,5,2,4,4,1,Substance Use,0
STU-2026-0084,18,Female,On-Campus,3.26,0.8,2,1,4,3,8.4,1,4,2,5.55006600214794,3,5,3,1.6245288789087746,2,2,4,4,No,4,3,4,4,3.5,5,4,13.271952426516506,2,2,4,0.0,1,5,1,4,2,4,5,0,Active Coping,0
STU-2026-0085,19,Female,Off-Campus alone,3.03,0.6,3,4,3,3,6.8,1,5,1,5.655813547016394,2,3,3,1.6460202647743736,2,1,1,1,No,3,3,1,2,0.0,4,2,21.98539750366658,2,3,2,1.0,2,4,3,4,2,3,5,0,Denial,1
STU-2026-0086,19,Female,On-Campus,3.64,1.0,2,2,3,2,6.0,4,2,1,9.671302208467361,4,4,4,4.4142863906732845,3,5,4,4,No,1,1,1,1,3.5,5,3,30.43577575099203,1,3,3,0.0,2,4,2,4,4,3,4,2,Substance Use,1
STU-2026-0087,21,Male,Off-Campus with family,3.67,1.0,4,5,1,4,6.7,2,4,1,7.433261748214485,3,5,5,4.62645312225788,3,4,4,4,No,3,3,2,3,3.5,3,4,17.243902592832583,3,2,4,0.0,3,4,2,4,3,4,4,0,Substance Use,2
STU-2026-0088,20,Male,On-Campus,2.55,1.0,5,4,2,5,,1,5,1,4.609306356087169,1,5,1,1.105323364896616,1,3,2,2,No,2,3,1,2,1.5,3,3,9.85182658836062,1,5,3,0.0,3,5,3,5,3,5,3,0,Denial,1
STU-2026-0089,22,Non-Binary,On-Campus,2.63,1.0,2,1,5,3,7.0,4,1,1,11.122665718001215,4,3,4,6.156152547515813,3,4,3,4,No,5,4,4,4,3.5,4,5,14.227672405660119,4,2,5,0.0,1,4,1,4,2,2,4,1,Denial,0
STU-2026-0090,20,Female,On-Campus,3.12,1.0,4,4,2,5,7.3,1,5,1,8.566226003776396,5,4,3,4.515885029833945,4,3,3,2,No,1,1,1,1,0.0,4,4,17.152863360470246,3,3,1,1.0,2,4,3,4,4,3,4,1,Active Coping,2
STU-2026-0091,18,Female,Off-Campus with family,2.82,1.0,4,5,3,4,8.9,2,3,1,6.159194078550844,1,5,4,3.9188486760726073,1,2,1,2,No,3,2,1,3,1.5,4,3,3.252358465040672,4,2,3,0.0,3,4,3,3,3,5,4,0,Denial,2
STU-2026-0092,21,Female,Off-Campus alone,3.16,0.8,3,3,2,4,7.3,1,4,1,3.115414535762444,2,1,3,1.0033933365895686,1,2,2,2,No,1,2,1,1,1.5,4,3,16.67249600889059,5,5,3,1.0,2,5,3,5,3,3,2,2,Active Coping,1
STU-2026-0093,21,Male,Off-Campus alone,3.25,1.0,3,2,4,3,6.5,2,3,1,5.938516051299516,1,4,3,2.5241955205845055,1,2,2,3,No,1,1,1,1,1.5,3,3,17.182125647465394,4,4,3,1.0,2,4,3,4,4,4,5,2,Social Support Seeking,2
STU-2026-0094,20,Male,On-Campus,3.32,1.0,3,2,2,3,7.5,2,4,1,6.448717288355823,2,3,4,4.27494295547466,4,3,2,2,Part-time,4,5,2,4,1.5,4,4,21.631710989936103,5,4,4,0.0,2,5,1,5,3,4,4,0,Social Support Seeking,1
STU-2026-0095,21,Female,Off-Campus with family,3.33,0.6,1,2,5,1,5.6,3,2,1,7.922580828625639,1,4,3,4.198941893255405,3,4,3,4,Part-time,4,4,1,3,1.5,4,4,21.110616511865267,3,5,3,1.0,0,5,1,5,3,3,4,0,Active Coping,0
STU-2026-0096,20,Male,On-Campus,2.21,1.0,2,3,4,2,7.9,2,3,3,8.518141274149139,3,4,4,3.359420386670738,2,2,1,1,No,1,2,1,1,0.0,2,5,15.55586080144768,2,3,4,0.0,2,2,3,3,3,4,5,1,Denial,2
STU-2026-0097,20,Female,On-Campus,3.12,1.0,1,2,4,2,7.2,1,5,1,9.016455238526838,4,5,3,2.3957279816067074,3,3,1,2,No,1,1,2,1,1.5,4,5,22.57318453290179,5,2,2,1.0,0,5,2,3,3,4,4,0,Social Support Seeking,0
STU-2026-0098,20,Male,Off-Campus alone,3.32,0.8,3,3,4,3,7.7,1,5,2,2.9713314229036314,2,2,1,0.9842312605887934,1,1,1,2,No,1,2,1,1,1.5,3,4,25.17839159519378,5,2,2,0.0,2,5,4,3,3,4,4,0,Active Coping,1
STU-2026-0099,18,Non-Binary,On-Campus,3.28,1.0,2,3,4,2,7.0,3,3,1,7.521262052908106,2,4,5,3.6899893682835025,3,1,5,5,Part-time,4,5,1,3,3.5,4,3,15.1397572762223,5,4,3,0.0,1,5,1,5,3,2,4,1,Substance Use,0
STU-2026-0100,18,Prefer not to say,On-Campus,3.49,0.8,5,5,1,5,8.4,1,4,2,6.60096043687947,2,4,3,3.6904911918168346,4,2,3,2,Part-time,4,3,2,4,0.0,3,2,17.090935392338743,4,4,3,0.0,3,4,2,5,2,5,2,0,Active Coping,1
STU-2026-0101,18,Female,On-Campus,2.37,0.8,3,2,4,3,7.3,2,4,2,13.694943190424695,5,4,5,3.590963974126004,3,4,5,5,No,1,2,2,1,3.5,5,5,6.1635132344471195,3,2,5,0.0,2,3,3,5,3,3,5,0,Denial,1
STU-2026-0102,20,Female,On-Campus,3.23,1.0,4,3,3,5,7.2,2,3,1,7.161736097740927,2,5,2,3.5794258902302127,2,2,4,3,Full-time,3,2,4,2,0.0,4,3,7.74513368779456,1,2,1,0.0,2,5,1,5,4,4,2,0,Social Support Seeking,1
STU-2026-0103,19,Male,On-Campus,2.67,0.8,3,4,2,3,8.3,2,3,1,5.443367003846571,1,4,3,2.5865553966471246,1,3,2,2,No,4,4,1,4,0.0,3,5,10.809018429952406,4,2,2,0.0,2,4,2,4,3,5,4,0,Denial,1
STU-2026-0104,20,Female,Off-Campus with family,2.94,1.0,3,4,4,3,8.3,1,5,1,7.275922141792288,3,5,5,3.3249343355942913,4,3,2,3,No,5,5,1,4,1.5,4,3,12.781908477414733,1,4,3,0.0,2,4,2,3,2,3,3,0,Denial,1
STU-2026-0105,23,Female,Off-Campus with family,3.03,1.0,5,4,2,5,7.8,3,2,3,6.978579279973085,2,4,3,3.8037553008376603,4,3,3,3,Part-time,5,4,1,4,0.0,5,4,9.519384876309658,2,1,4,,3,5,1,5,2,4,5,0,Social Support Seeking,1
STU-2026-0106,19,Male,Off-Campus alone,2.99,1.0,1,2,5,1,8.0,2,3,1,2.0274017321224616,2,4,1,1.2544037262432246,1,4,2,2,Part-time,3,3,1,2,1.5,4,3,14.82002294011379,3,1,5,0.0,1,4,3,4,2,5,4,0,Substance Use,0
STU-2026-0107,20,Female,Off-Campus alone,3.32,1.0,2,2,3,2,7.7,2,3,1,8.020761158544593,4,5,4,2.899463784426743,2,1,4,5,Part-time,2,3,2,1,1.5,5,4,12.931454161626908,3,3,2,0.0,2,3,4,4,3,3,4,0,Substance Use,1
STU-2026-0108,21,Female,On-Campus,2.94,0.6,4,4,1,4,6.5,2,3,1,6.223604773303546,5,3,2,4.011151209610512,4,2,2,1,Part-time,2,1,3,2,5.5,3,5,20.354476156698077,1,4,1,0.0,2,3,1,4,3,3,4,1,Denial,1
STU-2026-0109,19,Non-Binary,On-Campus,2.86,1.0,1,1,5,2,7.5,3,3,2,6.933271962098703,3,2,2,1.9435126536891518,2,2,3,4,No,4,3,2,4,5.5,5,4,12.62613177258146,4,4,2,0.0,1,4,2,4,2,5,5,1,Denial,0
STU-2026-0110,18,Female,On-Campus,2.95,1.0,1,2,4,1,7.5,1,4,1,4.816078665273604,3,5,2,1.3798640169005516,1,4,4,4,Part-time,5,4,1,5,1.5,4,3,3.5664102589225273,5,3,2,0.0,1,4,1,4,3,2,3,0,Social Support Seeking,1
STU-2026-0111,19,Female,Off-Campus with family,2.86,1.0,3,2,3,4,7.5,2,4,1,4.265214424469411,2,4,2,1.421962911800998,2,2,1,1,No,3,3,2,3,3.5,3,2,15.628755862677101,4,4,5,0.0,2,4,3,4,3,1,4,0,Social Support Seeking,1
STU-2026-0112,19,Male,On-Campus,3.13,1.0,1,2,5,2,5.4,2,3,1,9.197205835189113,3,5,3,2.389116172479629,2,2,1,2,Part-time,3,3,4,3,0.0,4,5,14.929009877943304,3,3,2,0.0,0,5,1,3,2,5,4,1,Social Support Seeking,0
STU-2026-0113,23,Non-Binary,Off-Campus with family,2.4,1.0,3,4,3,3,6.0,1,4,1,9.771141641107059,4,5,5,3.0794692117445908,3,2,3,2,No,3,4,1,3,1.5,5,5,10.689750592977532,5,5,2,0.0,3,5,2,4,2,4,2,1,Substance Use,1
STU-2026-0114,22,Female,Off-Campus with family,3.63,1.0,2,1,4,3,6.8,1,5,1,8.045246513593089,3,4,5,2.03710373496832,2,2,3,2,Part-time,3,4,2,3,3.5,5,4,15.474999417485185,1,2,2,0.0,1,5,1,4,2,5,3,0,Active Coping,0
STU-2026-0115,20,Male,Off-Campus with family,3.12,0.8,5,4,2,5,9.0,1,4,1,2.4730059986009136,2,4,3,1.5107005280050174,1,2,1,1,No,3,2,5,2,0.0,4,3,9.623677058868324,4,4,2,0.0,3,5,2,4,3,1,3,0,Social Support Seeking,1
STU-2026-0116,22,Male,Off-Campus with family,3.95,1.0,4,3,2,5,7.6,1,4,1,8.20765839815331,4,4,4,2.211836686301239,2,3,5,5,Part-time,4,5,3,4,0.0,2,5,16.649199768116713,1,3,4,0.0,2,3,2,4,2,2,2,1,Substance Use,1
STU-2026-0117,22,Male,On-Campus,3.96,1.0,4,4,1,4,9.1,3,2,2,2.5101586216582845,1,3,2,1.4399494278581833,1,2,1,1,No,1,1,3,1,0.0,4,3,28.164622184649257,3,2,1,0.0,3,3,3,3,3,2,4,0,Social Support Seeking,2
STU-2026-0118,19,Female,Off-Campus alone,2.39,1.0,4,5,1,5,8.9,2,3,1,5.3470609129293365,4,5,2,1.1975113677391904,5,1,4,5,Part-time,3,4,1,3,1.5,3,4,5.971972635466168,3,4,2,0.0,2,5,3,5,3,4,2,0,Active Coping,1
STU-2026-0119,22,Prefer not to say,Off-Campus alone,3.17,1.0,5,4,1,5,7.5,2,3,1,9.163896121893105,4,5,5,6.1788500997993925,4,3,5,5,No,4,4,1,3,1.5,2,5,12.4187895649542,4,2,5,0.0,3,5,3,5,2,4,4,0,Social Support Seeking,1
STU-2026-0120,20,Male,On-Campus,2.46,0.6,2,3,3,2,7.3,1,4,1,8.643996204261228,4,4,4,4.802431789458292,3,3,1,1,No,1,2,1,1,1.5,4,4,11.617474392754321,1,3,1,1.0,2,5,2,5,2,3,3,2,Active Coping,1
STU-2026-0121,22,Female,Off-Campus alone,3.45,1.0,5,5,1,5,6.3,2,4,1,8.142418411333674,3,1,3,1.656153853437275,4,3,1,1,No,1,1,2,1,1.5,5,5,12.833700582562281,2,3,3,,3,4,4,4,4,1,3,0,Active Coping,2
STU-2026-0122,22,Male,Off-Campus with family,2.92,1.0,4,4,2,4,8.9,3,3,1,10.28225663479946,4,3,5,5.983535610569064,2,3,1,2,No,3,3,1,3,1.5,4,4,20.099622897984872,3,2,2,0.0,3,4,2,5,3,4,5,0,Substance Use,2
STU-2026-0123,19,Non-Binary,Off-Campus alone,2.82,1.0,4,3,3,4,5.8,2,4,1,8.400037868519817,3,3,4,3.8391613746826434,3,3,3,2,Part-time,5,5,3,4,3.5,3,3,17.714132796595123,3,3,3,0.0,3,4,3,5,2,4,4,0,Substance Use,1
STU-2026-0124,18,Female,Off-Campus alone,2.64,0.8,3,2,3,3,8.3,2,3,1,1.952451937397794,2,5,3,1.1513269058601419,1,1,1,1,No,4,5,3,4,0.0,4,3,19.243832513032118,3,3,1,0.0,2,5,2,5,2,2,3,1,Active Coping,0
STU-2026-0125,19,Female,Off-Campus with family,2.82,0.8,2,3,4,2,8.4,3,2,1,6.0761728843591,2,2,3,2.802625048044396,3,1,4,5,Full-time,1,1,2,1,3.5,5,3,15.15247752376799,2,4,2,0.0,2,3,4,3,5,5,4,0,Substance Use,2
STU-2026-0126,20,Female,On-Campus,2.61,1.0,3,2,3,3,8.3,2,3,1,6.8959788556723485,3,5,4,3.5894427032413607,2,4,1,1,No,4,3,1,3,3.5,4,5,8.38950340027571,3,4,3,0.0,2,4,1,4,4,2,3,0,Active Coping,1
STU-2026-0127,22,Male,On-Campus,2.38,0.8,4,5,3,5,6.4,4,2,3,6.60314568307657,3,4,4,3.9167603745094213,3,4,2,3,No,3,4,1,2,3.5,4,4,9.4265731937001,2,2,2,0.0,3,5,1,4,3,4,2,0,Active Coping,1
STU-2026-0128,22,Male,Off-Campus with family,3.7,0.8,1,1,4,2,7.3,2,3,1,5.457162062244026,4,5,4,2.196802565751972,3,2,5,5,Part-time,4,4,3,3,3.5,5,3,18.73129853733296,2,4,3,0.0,0,5,1,5,1,5,2,0,Active Coping,0
STU-2026-0129,18,Male,Off-Campus with family,3.05,0.6,4,5,2,5,7.0,2,4,3,4.424609666341013,2,4,2,0.8909131862049386,2,1,4,3,Part-time,4,5,2,4,1.5,5,4,15.854159492066486,3,5,2,0.0,3,5,2,5,2,4,5,0,Social Support Seeking,1
STU-2026-0130,20,Female,On-Campus,3.32,0.8,2,3,5,2,4.6,3,2,1,13.001862423648296,4,4,5,8.0,5,5,3,4,No,5,5,3,4,0.0,2,5,21.30103703039419,4,2,3,1.0,1,4,2,5,3,2,4,0,Active Coping,1
STU-2026-0131,20,Female,On-Campus,3.59,1.0,2,3,5,3,7.7,2,3,1,6.028137936985545,3,4,5,2.353657409782064,2,3,2,2,No,3,4,1,2,1.5,3,4,16.466310516233985,1,3,5,0.0,2,5,2,4,1,3,5,0,Active Coping,0
STU-2026-0132,19,Prefer not to say,Off-Campus alone,2.92,1.0,2,3,5,3,5.9,2,3,1,12.87900513343613,5,5,5,5.770069434072839,2,3,4,5,Part-time,5,5,2,5,5.5,5,5,9.084925033339374,1,4,1,0.0,2,5,2,4,1,5,5,0,Substance Use,0
STU-2026-0133,18,Prefer not to say,Off-Campus alone,2.74,1.0,1,1,4,2,9.4,1,5,2,4.146773988109865,3,4,3,0.8454580524514905,2,1,2,3,No,5,5,3,4,1.5,4,3,12.390490929084226,3,4,2,0.0,1,5,3,5,1,3,5,0,Denial,0
STU-2026-0134,19,Female,Off-Campus with family,2.66,1.0,3,4,3,4,7.8,2,3,1,8.64265017189752,3,4,5,3.855019583300339,4,4,4,3,Full-time,5,4,2,4,0.0,2,5,17.82407074841465,2,2,4,0.0,3,4,2,4,3,4,4,0,Social Support Seeking,2
STU-2026-0135,23,Female,On-Campus,2.65,0.4,2,1,5,3,7.4,2,4,1,7.574103540974674,3,4,2,5.250699568880606,2,2,2,3,Full-time,4,3,2,3,0.0,4,5,18.551662481193127,3,3,3,0.0,1,5,2,4,2,5,4,0,Social Support Seeking,0
STU-2026-0136,19,Non-Binary,On-Campus,3.67,1.0,5,5,1,5,7.3,3,2,1,4.695126182337348,2,2,2,1.5922761264714567,2,1,5,5,Part-time,3,2,3,2,5.5,4,3,19.275543160773438,3,3,1,0.0,3,4,3,4,4,5,4,0,Social Support Seeking,2
STU-2026-0137,20,Female,On-Campus,2.49,1.0,3,3,4,3,7.7,1,4,1,5.8311072254482905,2,4,3,2.3190846114319554,1,1,2,2,No,3,3,1,2,0.0,5,5,9.757379433974034,2,5,2,0.0,2,4,1,4,3,3,3,0,Active Coping,1
STU-2026-0138,21,Male,Off-Campus alone,2.84,0.8,2,3,5,3,7.2,3,3,1,6.9621748265975745,4,5,2,3.7846034125714625,3,3,2,1,Part-time,1,1,1,1,0.0,3,4,8.994849169615375,1,2,2,2.0,2,3,3,4,3,4,4,0,Denial,2
STU-2026-0139,19,Female,On-Campus,3.34,1.0,4,4,3,4,7.8,3,2,1,4.889708457084685,1,1,2,2.9699934348516774,3,2,2,1,No,2,1,2,2,1.5,4,3,14.050987401262896,5,5,1,1.0,3,4,3,4,3,5,4,0,Substance Use,2
STU-2026-0140,24,Male,Off-Campus with family,3.42,1.0,5,5,2,5,9.4,1,4,1,6.3596485149114335,2,3,2,2.5991617138557204,2,3,2,1,No,4,4,1,4,5.5,5,3,22.200367582667273,4,3,5,0.0,3,5,2,5,3,3,5,1,Active Coping,1
STU-2026-0141,24,Non-Binary,On-Campus,3.05,1.0,4,3,3,5,7.3,1,4,2,1.087743936523463,1,3,2,0.5,1,1,4,5,No,4,3,3,4,1.5,4,3,11.53065839595991,4,2,4,0.0,2,5,1,4,3,3,4,0,Active Coping,1
STU-2026-0142,19,Female,Off-Campus with family,3.34,1.0,1,2,4,2,7.0,2,3,1,8.778789975671849,3,4,2,5.87224586105204,4,5,3,2,No,5,5,3,5,1.5,2,4,17.274859453004865,3,3,3,0.0,1,3,1,5,1,2,4,0,Denial,0
STU-2026-0143,20,Male,Off-Campus with family,3.16,0.8,5,5,1,5,7.7,3,3,1,10.067879185306982,4,2,5,5.42228269475594,3,3,4,5,Part-time,1,1,4,1,1.5,5,4,17.275305694694826,4,4,2,0.0,3,4,2,4,5,2,4,0,Active Coping,2
STU-2026-0144,19,Female,Off-Campus alone,3.69,1.0,4,3,2,5,6.9,1,5,1,8.135909268746648,3,4,4,2.1113551209513615,1,2,1,2,Part-time,2,1,2,1,0.0,4,4,18.803863748353066,5,2,1,1.0,1,4,3,4,4,5,3,0,Social Support Seeking,1
STU-2026-0145,19,Female,On-Campus,,1.0,2,3,4,2,8.2,1,4,2,12.660645319844448,4,2,4,2.9684647728250138,1,2,3,3,Part-time,4,3,1,3,3.5,4,5,23.32220126974105,4,2,4,0.0,1,4,2,4,2,4,4,0,Social Support Seeking,0
STU-2026-0146,18,Male,On-Campus,3.43,1.0,1,1,5,1,7.9,2,3,3,8.705240568999733,2,2,4,3.84575700291699,2,3,2,2,No,3,4,1,3,1.5,4,4,22.80953212383053,2,5,1,0.0,0,5,2,5,1,5,4,0,Active Coping,0
STU-2026-0147,20,Male,On-Campus,2.41,1.0,3,2,2,4,6.3,2,4,5,9.8570240969439,3,5,4,3.056121361651749,1,3,1,1,No,2,3,3,2,1.5,1,4,12.026970830802474,3,5,2,2.0,1,4,3,5,2,4,4,0,Active Coping,1
STU-2026-0148,20,Female,Off-Campus alone,1.95,0.8,2,2,3,2,7.2,3,2,1,10.095907081275278,3,3,4,3.301284651328692,2,2,1,1,No,5,5,1,4,3.5,5,5,4.51052279345663,3,3,2,0.0,2,5,2,5,2,4,4,0,Social Support Seeking,0
STU-2026-0149,18,Female,Off-Campus alone,2.91,1.0,4,3,1,4,7.6,3,3,2,1.0,1,5,1,0.6388460894139241,1,1,5,5,Full-time,4,5,2,3,5.5,4,2,11.607353323176287,3,2,3,1.0,3,5,4,5,2,4,3,0,Active Coping,1
STU-2026-0150,19,Female,Off-Campus with family,3.24,1.0,3,3,4,3,6.5,2,3,1,8.059182996873908,3,1,4,1.9727510895085845,3,2,1,2,No,3,3,3,3,1.5,4,4,15.378361470236177,3,4,2,,2,5,2,5,4,1,4,0,Social Support Seeking,1
STU-2026-0151,23,Female,Off-Campus with family,3.28,0.6,5,4,2,5,7.8,2,4,1,3.542662624208047,2,4,2,1.9756793817021323,2,1,3,4,Part-time,5,5,1,5,0.0,3,3,13.191773611571714,5,4,2,0.0,2,4,1,4,3,5,4,0,Denial,1
STU-2026-0152,19,Female,Off-Campus with family,4.0,0.8,3,4,4,4,9.2,1,5,1,4.047741371072986,2,2,2,1.3583051324418773,4,2,1,1,No,4,5,1,4,3.5,4,3,24.839494714640676,4,2,4,0.0,2,5,1,5,1,3,4,0,Social Support Seeking,0
STU-2026-0153,18,Female,On-Campus,3.46,1.0,2,1,4,3,8.6,1,5,1,4.482566820495213,2,4,2,2.600624393075205,1,1,1,2,No,4,5,2,4,1.5,5,3,15.093901521582247,2,5,3,0.0,1,4,1,4,2,4,4,0,Substance Use,0
STU-2026-0154,20,Female,Off-Campus alone,3.4,1.0,2,3,5,3,,3,3,3,6.218210499956559,3,5,2,3.4896951280709954,3,5,2,3,Part-time,5,5,4,4,5.5,5,4,18.268559401280967,1,1,1,0.0,1,5,3,4,3,1,2,0,Active Coping,0
STU-2026-0155,25,Female,Off-Campus with family,3.05,0.8,3,4,3,3,8.0,1,4,1,8.626149901844242,3,5,3,1.7571118053279138,1,3,5,5,No,1,1,1,1,5.5,5,5,16.086071548236717,3,4,3,0.0,2,5,2,4,3,5,3,0,Active Coping,1
STU-2026-0156,19,Male,On-Campus,2.44,0.8,4,3,3,5,7.6,1,4,1,8.084974562516761,2,1,4,3.67516834367715,2,3,4,5,Part-time,4,3,4,4,0.0,4,4,13.26683408254589,1,3,2,0.0,2,5,1,5,3,5,4,0,Denial,1
STU-2026-0157,21,Male,Off-Campus with family,2.66,1.0,4,5,2,5,6.3,3,3,2,6.968546542956006,3,4,4,1.879136457237179,2,5,5,5,Full-time,1,1,2,1,5.5,4,4,5.375941610186668,2,4,2,0.0,3,4,2,4,4,3,4,0,Social Support Seeking,2
STU-2026-0158,21,Male,On-Campus,3.13,0.4,2,1,5,3,7.0,1,5,2,8.806708603014902,2,4,3,5.575646241783623,3,4,2,1,No,1,2,5,1,1.5,4,5,14.606911807292574,3,2,3,1.0,0,4,2,5,3,4,4,0,Active Coping,1
STU-2026-0159,19,Female,On-Campus,3.94,1.0,2,1,5,3,7.1,1,5,1,8.958715803980258,4,3,3,5.695888272458815,4,4,1,1,No,5,5,1,4,1.5,5,5,31.273236465770633,3,4,2,0.0,0,4,1,5,2,4,5,0,Denial,0
STU-2026-0160,21,Female,Off-Campus with family,2.44,1.0,1,2,4,1,8.0,1,5,1,8.106560473083363,3,2,4,3.3169848881711923,3,3,2,3,No,4,5,1,4,0.0,4,3,8.777708000810831,5,5,2,0.0,1,5,2,5,2,3,3,0,Active Coping,0
STU-2026-0161,19,Female,On-Campus,2.91,1.0,4,5,3,4,7.5,2,3,2,2.688738034813035,2,5,2,1.1351793078794479,1,2,4,3,Full-time,4,3,3,4,3.5,4,1,5.925634778128877,2,3,3,0.0,3,5,1,4,3,2,1,0,Social Support Seeking,1
STU-2026-0162,20,Male,Off-Campus with family,3.58,1.0,1,1,5,1,6.8,2,4,1,5.15166802660819,3,5,3,1.8115401162946636,2,3,4,5,No,5,4,4,5,1.5,3,3,24.68194651284455,2,3,5,0.0,1,5,2,5,1,4,4,1,Social Support Seeking,0
STU-2026-0163,20,Male,On-Campus,3.21,0.8,3,4,2,4,7.4,2,4,1,7.065819584856622,3,5,3,3.9448693278830276,3,3,1,1,Part-time,5,5,1,5,1.5,3,5,18.710414849346677,1,2,3,0.0,3,4,2,5,1,2,4,1,Active Coping,1
STU-2026-0164,20,,On-Campus,3.09,1.0,4,4,2,5,6.5,2,4,1,8.83363220785271,3,5,4,3.3508677256419834,2,4,3,3,Part-time,5,4,3,4,5.5,4,5,15.937099402617182,3,5,1,0.0,3,5,1,4,2,3,4,0,Active Coping,1
STU-2026-0165,18,Male,On-Campus,3.52,1.0,5,5,1,5,7.6,2,4,1,3.6785508556900335,3,4,2,1.2282542892892998,1,1,2,2,Part-time,3,3,4,2,1.5,5,4,21.813369311835288,2,5,2,0.0,3,5,2,4,2,3,5,1,Active Coping,1
STU-2026-0166,22,Female,On-Campus,2.92,0.6,3,2,2,4,7.4,2,4,3,6.971637025561799,2,3,3,2.901006434132077,3,2,2,2,No,3,4,1,3,1.5,3,4,10.842490285219515,3,4,2,0.0,1,5,2,5,2,3,5,0,Denial,0
STU-2026-0167,19,Male,Off-Campus with family,2.85,1.0,2,3,4,3,7.7,1,5,1,3.0859388590263697,2,3,3,0.7583502158591482,2,3,4,4,Part-time,2,3,2,2,3.5,2,1,14.46702619542674,2,3,2,0.0,1,4,3,5,3,2,3,0,Denial,1
STU-2026-0168,19,Male,On-Campus,3.38,1.0,4,3,3,4,8.0,2,4,1,9.564794964298194,3,2,5,5.483512278914525,4,4,4,5,Full-time,3,3,4,3,3.5,2,4,19.775770584504116,3,5,2,0.0,3,5,3,4,2,3,5,2,Active Coping,1
STU-2026-0169,18,Female,Off-Campus with family,3.4,1.0,4,3,2,4,8.8,2,3,1,7.60586819591181,3,4,3,1.5690769230903758,1,2,2,1,No,3,3,1,2,5.5,5,5,25.551771839101978,4,2,3,0.0,3,4,1,4,4,3,3,1,Social Support Seeking,2
STU-2026-0170,20,Male,Off-Campus with family,2.4,1.0,3,2,4,4,8.8,1,5,1,3.6346599101101433,2,5,2,1.8981739899089145,2,1,2,3,No,4,3,1,4,5.5,4,4,9.157278426716958,1,3,1,0.0,2,5,1,3,3,3,4,2,Denial,1
STU-2026-0171,21,Female,Off-Campus with family,3.13,1.0,5,5,2,5,6.2,3,3,1,3.6181786554892668,1,5,2,1.0544539948731662,2,2,4,4,Full-time,4,4,3,3,1.5,3,1,21.40367229280197,3,3,2,0.0,3,4,1,4,3,4,4,0,Substance Use,2
STU-2026-0172,18,Female,Off-Campus alone,2.56,0.8,4,5,2,5,6.7,2,4,1,7.9685796789606504,3,5,5,2.5196810157783323,2,2,3,4,No,5,5,1,5,1.5,4,5,16.90919530420492,3,3,3,1.0,3,5,2,5,3,5,4,0,Active Coping,2
STU-2026-0173,20,Male,Off-Campus with family,3.39,1.0,2,1,3,2,6.8,3,2,1,10.436997286407912,4,5,5,5.40444417976165,3,3,5,4,Part-time,4,3,1,3,1.5,4,5,15.81530533714708,4,5,2,1.0,1,5,2,5,3,2,3,0,Active Coping,1
STU-2026-0174,19,Female,On-Campus,3.17,1.0,2,1,4,2,6.0,2,3,1,4.258035406376632,1,5,2,2.965601298192298,4,3,5,5,No,4,4,5,3,3.5,4,3,14.96135388872631,3,4,5,0.0,1,4,2,5,3,5,4,0,Denial,1
STU-2026-0175,20,Female,On-Campus,2.6,0.8,3,3,4,3,,1,4,1,8.966510271540193,2,3,4,5.280007981370774,4,1,3,2,No,3,2,2,3,1.5,4,4,8.076766896526983,3,2,2,0.0,2,4,1,4,3,3,4,0,Substance Use,1
STU-2026-0176,19,Non-Binary,On-Campus,3.57,0.8,4,5,2,4,7.5,2,4,1,5.644405704930426,2,5,4,1.7662463952466367,2,2,3,4,Part-time,1,1,3,1,3.5,3,5,19.815444991065164,4,3,4,0.0,2,4,2,5,4,4,3,1,Denial,1
STU-2026-0177,21,Male,Off-Campus with family,2.94,1.0,1,2,5,2,6.7,1,5,1,9.057985256732216,5,4,3,2.6088118693376883,2,3,3,2,No,3,2,3,2,0.0,4,5,11.088654898368361,3,3,4,1.0,0,5,2,4,2,3,2,0,Social Support Seeking,0
STU-2026-0178,19,Female,On-Campus,2.43,1.0,4,4,3,4,7.2,3,3,1,8.707977275913281,3,3,4,5.513163530152662,3,3,2,1,No,4,3,1,4,0.0,2,5,9.601546487488264,3,4,4,0.0,3,3,2,4,3,4,4,0,Denial,2
STU-2026-0179,23,Female,Off-Campus with family,3.1,1.0,4,4,1,4,6.0,2,3,3,7.3882496037060985,2,5,3,3.118520859343052,4,2,1,1,No,2,2,1,1,0.0,2,3,19.42729479450169,1,2,1,1.0,3,4,3,5,2,4,4,0,Active Coping,2
STU-2026-0180,18,Male,Off-Campus with family,3.7,1.0,2,3,4,3,7.7,2,4,1,2.414021734298543,2,5,1,0.6482285692465586,1,1,4,3,No,4,5,1,4,0.0,4,4,18.945670125733393,4,2,5,0.0,1,4,2,5,2,3,4,0,Social Support Seeking,0
STU-2026-0181,19,Female,On-Campus,2.88,1.0,4,4,3,5,7.3,3,2,1,8.702964125310283,4,2,3,5.492490367863829,3,3,1,1,No,4,5,1,3,1.5,3,4,15.395000418055313,5,4,1,0.0,3,5,1,4,4,3,3,0,Denial,2
STU-2026-0182,18,Prefer not to say,Off-Campus alone,3.35,1.0,5,5,2,5,7.3,3,2,1,8.255048177492162,4,1,3,5.019450480793514,3,4,4,4,No,2,2,2,1,0.0,4,5,20.397718104058207,5,5,1,0.0,3,4,3,5,4,5,5,2,Active Coping,2
STU-2026-0183,23,Female,On-Campus,3.35,0.6,1,2,5,1,7.7,2,3,4,8.026074382986256,4,4,4,5.55366770786334,4,4,4,4,Full-time,3,4,2,2,0.0,1,4,22.129682907395576,5,5,2,0.0,1,5,3,5,2,2,3,0,Active Coping,0
STU-2026-0184,22,Male,On-Campus,3.48,1.0,3,2,2,4,7.8,1,4,1,7.489185158077445,4,4,3,4.904456489707133,3,4,3,4,No,3,2,2,2,0.0,2,3,21.541120389127702,4,5,1,0.0,2,3,1,3,2,2,5,0,Social Support Seeking,1
STU-2026-0185,19,Female,Off-Campus with family,3.6,0.8,3,2,3,4,7.4,2,3,2,4.80303277916973,3,5,2,3.006195014617279,3,2,4,5,Part-time,3,2,1,3,3.5,5,3,12.3586051329901,3,4,1,0.0,2,5,2,5,3,1,4,1,Social Support Seeking,1
STU-2026-0186,21,Male,Off-Campus with family,2.9,1.0,5,5,1,5,7.2,2,4,1,9.70740692754778,3,3,4,2.1966619222706485,2,2,4,5,No,4,3,1,4,3.5,4,5,20.07052465639856,4,2,2,0.0,3,5,2,5,2,2,4,2,Active Coping,1
STU-2026-0187,22,Male,Off-Campus with family,2.68,0.8,5,5,1,5,6.3,2,4,3,9.24534930204159,2,2,2,2.331748142164238,3,2,4,5,Part-time,4,4,2,4,0.0,4,4,16.058204887543244,3,5,2,1.0,3,5,2,4,2,3,5,1,Active Coping,1
STU-2026-0188,20,,Off-Campus with family,2.94,0.8,3,4,2,4,7.6,2,3,3,4.311443057888337,2,3,3,2.088857933146488,1,3,3,2,No,4,3,2,3,3.5,5,3,23.629538851761872,3,3,3,0.0,2,4,1,4,4,3,3,1,Substance Use,1
STU-2026-0189,20,Male,On-Campus,2.85,0.8,4,5,1,4,5.9,2,4,1,10.28573752629438,4,1,3,4.790475519222665,4,3,2,1,Full-time,5,4,1,4,1.5,4,5,14.381358318664136,2,4,1,0.0,3,4,2,4,3,3,3,0,Social Support Seeking,2
STU-2026-0190,19,Male,Off-Campus alone,3.33,1.0,3,4,3,4,8.5,2,4,1,7.329173586588468,3,1,4,3.14408066495062,2,3,2,3,No,4,4,2,4,0.0,5,5,13.217641813158348,2,3,3,0.0,2,5,2,4,2,1,4,1,Active Coping,0
STU-2026-0191,18,Male,Off-Campus alone,2.64,1.0,3,4,4,4,7.1,1,4,1,7.322842382862931,3,5,3,2.9173813211793402,2,3,1,1,No,5,4,1,5,1.5,4,4,11.931015615785617,4,5,5,0.0,2,4,1,3,2,4,3,0,Social Support Seeking,1
STU-2026-0192,22,Female,Off-Campus with family,3.43,1.0,2,2,5,2,8.6,3,2,1,6.559111658953293,2,4,2,2.72600119115892,2,1,3,2,No,2,1,1,2,0.0,3,4,15.946439471177777,3,3,2,0.0,1,5,3,4,4,4,4,1,Active Coping,1
STU-2026-0193,23,Male,On-Campus,3.06,0.8,2,3,5,3,7.8,2,4,1,6.805016508537361,2,4,3,3.2980442217392203,1,4,2,2,No,4,5,3,4,3.5,3,4,17.333627337960518,2,1,3,0.0,1,5,1,5,1,5,3,0,Active Coping,0
STU-2026-0194,20,Male,Off-Campus with family,2.82,1.0,2,2,5,2,6.1,1,5,1,10.427247970774424,4,1,5,2.096275776120747,2,4,3,3,No,3,3,1,2,0.0,4,5,17.429811414636355,2,4,5,1.0,2,5,2,3,2,5,5,0,Active Coping,1
STU-2026-0195,19,Female,On-Campus,2.6,1.0,3,3,4,3,7.3,2,4,1,9.582687461496288,4,3,4,3.1656828427917327,1,3,1,1,No,3,2,2,3,5.5,3,4,16.745862701559282,5,2,1,0.0,1,5,2,4,3,5,4,0,Active Coping,0
STU-2026-0196,19,Female,On-Campus,2.73,1.0,1,2,5,1,7.9,1,5,1,9.529617709098538,3,5,4,4.3754273440906,3,3,1,1,Part-time,2,1,1,1,0.0,3,4,18.35518506339903,4,5,2,0.0,1,3,2,4,1,4,1,0,Active Coping,0
STU-2026-0197,21,Female,Off-Campus alone,2.82,1.0,5,5,1,5,7.3,1,4,1,7.461410881363445,2,4,4,4.186657704942388,4,3,3,2,No,4,3,1,4,1.5,3,4,13.88729082042801,3,3,4,0.0,3,4,2,3,3,4,5,0,Social Support Seeking,2
STU-2026-0198,22,Male,On-Campus,2.85,1.0,2,2,3,2,7.2,2,4,1,9.22292930883599,4,5,4,2.6477032930789157,3,3,1,2,No,2,1,1,1,5.5,2,4,10.637423422040643,3,4,5,0.0,1,4,2,4,3,2,4,0,Active Coping,1
STU-2026-0199,22,Male,Off-Campus alone,3.29,1.0,2,2,5,2,7.2,1,4,1,4.91421731489857,2,4,3,2.326589929688842,1,3,1,1,Part-time,2,3,4,2,0.0,2,3,10.200860015431761,3,5,3,0.0,1,4,3,3,2,4,4,1,Active Coping,0
STU-2026-0200,21,Male,Off-Campus with family,3.19,0.4,3,4,3,4,7.3,2,3,5,8.458607446245168,3,3,3,4.713388490328154,3,2,1,1,Part-time,5,5,2,5,1.5,1,5,19.875255476517342,1,4,1,0.0,1,5,2,5,2,1,4,0,Active Coping,0
STU-2026-0201,20,Male,On-Campus,2.8,0.8,4,5,3,5,7.7,2,4,1,6.616279920077582,4,4,4,2.7941465064989623,3,2,5,4,No,5,5,5,4,1.5,2,5,17.35161155264145,3,3,5,0.0,2,5,1,5,3,5,4,0,Social Support Seeking,1
STU-2026-0202,18,Male,Off-Campus with family,2.54,0.4,1,1,5,2,7.6,2,4,2,1.8504875314791942,1,3,1,0.5,1,2,3,3,No,4,5,2,3,1.5,3,3,5.72081114524838,4,2,1,0.0,0,5,3,4,1,3,4,1,Social Support Seeking,0
STU-2026-0203,19,Male,Off-Campus alone,3.76,1.0,3,3,2,4,7.0,2,4,1,3.0347458529450915,2,5,3,1.288656510970953,2,2,2,2,No,4,4,2,4,0.0,4,2,20.483767133999702,3,3,2,1.0,3,4,4,3,3,4,4,0,Active Coping,2
STU-2026-0204,22,Male,Off-Campus with family,3.78,0.6,5,5,1,5,9.0,2,3,1,5.342553049776949,3,3,3,1.8603968795095454,1,1,2,2,Part-time,5,4,1,4,0.0,3,4,24.402175732013276,3,5,2,0.0,3,4,2,4,2,1,3,0,Denial,1
STU-2026-0205,20,Male,Off-Campus alone,2.73,0.8,2,1,3,2,7.9,2,3,1,8.037884960871775,2,4,5,5.343785292485781,4,5,3,4,Part-time,4,5,1,4,1.5,5,5,11.420415746207336,1,4,2,0.0,2,5,4,5,2,3,5,0,Active Coping,0
STU-2026-0206,18,Female,Off-Campus with family,3.31,0.8,3,3,4,3,7.2,2,3,1,5.344800529165077,3,2,3,1.4019769506903035,2,1,3,2,No,2,1,1,1,1.5,5,4,16.680800231380204,3,5,4,1.0,1,4,3,5,3,3,4,0,Denial,1
STU-2026-0207,18,Male,Off-Campus with family,3.29,0.8,4,3,3,5,7.9,1,4,2,5.522208156538228,2,4,4,2.905995653031201,3,2,4,5,Part-time,5,5,1,5,1.5,4,3,12.632709531838202,1,1,4,0.0,2,5,1,5,2,3,3,2,Active Coping,0
STU-2026-0208,21,Male,Off-Campus alone,2.73,1.0,1,2,5,2,5.7,2,4,1,8.908152304687105,5,5,2,2.0164483149250474,3,2,2,2,Part-time,4,3,2,4,0.0,4,4,18.141534627355835,3,2,3,1.0,0,4,3,4,1,3,4,1,Denial,0
STU-2026-0209,18,Female,On-Campus,2.59,0.8,3,4,2,3,5.7,2,3,1,5.612469701375782,2,4,4,2.3745529722118195,1,1,1,2,No,3,2,1,3,1.5,4,3,9.169955554623874,3,1,1,1.0,2,4,1,4,4,1,4,0,Substance Use,2
STU-2026-0210,19,Female,Off-Campus with family,3.72,1.0,3,3,3,4,8.0,1,4,4,10.327018105086028,5,4,5,4.925881718201228,3,4,1,1,Part-time,3,4,1,3,1.5,1,5,14.642771714506097,4,4,3,0.0,1,5,2,5,3,3,3,0,Denial,0
STU-2026-0211,20,Male,On-Campus,3.16,1.0,3,4,4,4,7.2,2,4,1,9.912809349550336,4,5,5,3.459347084361293,4,3,3,2,No,3,4,1,3,1.5,5,5,19.906570639993905,3,2,3,0.0,3,5,2,5,2,3,3,0,Active Coping,1
STU-2026-0212,21,Female,Off-Campus alone,2.42,1.0,2,3,5,2,7.4,3,2,5,7.054703301428296,2,4,3,3.0161524544382767,1,2,3,3,No,5,5,1,5,1.5,2,4,21.1785586964942,2,1,2,0.0,0,5,1,5,2,5,2,0,Active Coping,0
STU-2026-0213,21,Female,Off-Campus alone,2.91,0.6,1,2,5,1,7.4,3,2,5,8.883653629145822,2,3,3,2.503208355998499,3,2,1,1,No,3,2,2,3,1.5,5,5,17.132479094598445,3,4,5,0.0,1,4,3,4,3,3,5,0,Denial,1
STU-2026-0214,19,Male,On-Campus,3.14,0.6,3,4,3,4,10.0,1,5,1,8.543101135890955,3,3,3,3.007700629099146,4,3,1,2,No,5,5,4,5,1.5,4,5,13.304773483951305,4,3,4,0.0,3,5,1,5,2,3,4,0,Denial,1
STU-2026-0215,21,Female,Off-Campus with family,2.47,0.4,1,1,5,2,8.4,2,3,1,6.385836810101491,4,5,2,3.2603091783195133,1,1,1,1,No,5,5,1,4,0.0,3,3,7.036994578281957,1,4,3,0.0,0,5,2,4,1,5,4,0,Active Coping,0
STU-2026-0216,19,Female,Off-Campus alone,3.04,0.8,4,3,2,5,6.1,4,1,1,9.154086657430366,4,5,4,3.212169263771242,2,2,5,5,Full-time,4,5,1,3,1.5,4,4,11.212251443803591,3,3,1,0.0,3,5,2,5,3,4,3,0,Social Support Seeking,1
STU-2026-0217,19,Male,On-Campus,3.26,1.0,3,3,4,3,5.4,3,2,1,9.522255138476318,3,3,2,6.188242603538953,4,4,1,1,No,4,4,1,3,0.0,4,4,12.653632976226099,5,3,3,1.0,2,4,2,5,4,3,4,0,Denial,2
STU-2026-0218,21,Male,Off-Campus with family,2.83,1.0,3,3,3,3,8.9,2,3,1,4.618911923023999,2,3,2,2.3750605791844017,1,2,3,3,No,3,2,4,3,1.5,1,5,11.51133108349193,2,3,5,0.0,2,4,2,5,3,3,4,0,Active Coping,1
STU-2026-0219,20,Female,Off-Campus alone,2.92,1.0,5,5,2,5,8.2,1,5,4,7.383871595801853,2,5,3,3.0962383330382854,4,2,3,3,No,1,2,1,1,1.5,4,5,15.297764841568076,3,5,2,1.0,3,5,4,4,3,4,4,2,Active Coping,2
STU-2026-0220,22,Female,On-Campus,3.04,1.0,4,5,1,4,8.0,3,2,1,7.356259556440414,2,2,3,1.613804950062483,3,3,4,3,Full-time,2,1,2,2,1.5,4,5,13.290561319143576,4,3,4,1.0,3,4,3,4,5,3,5,0,Social Support Seeking,2
STU-2026-0221,21,Male,Off-Campus with family,3.15,1.0,1,2,4,1,6.3,3,3,1,9.124048668626761,2,4,3,4.1037613950948,2,2,1,1,No,4,4,2,3,1.5,4,4,15.860606861677216,3,3,2,0.0,1,5,1,4,3,3,4,1,Active Coping,0
STU-2026-0222,20,Male,On-Campus,3.3,1.0,5,4,1,5,8.0,1,4,1,5.890354123876659,2,2,2,3.430472270597538,2,4,1,2,No,3,2,1,2,0.0,3,3,21.013136505238318,4,3,3,0.0,3,4,1,4,3,4,4,1,Social Support Seeking,2
STU-2026-0223,18,Male,Off-Campus alone,3.01,1.0,2,1,3,3,7.0,2,4,1,5.505599168058929,2,5,2,1.8321466789562215,3,1,3,3,No,2,3,1,1,1.5,3,4,12.967688893853193,2,2,3,1.0,1,4,5,4,1,1,4,0,Denial,0
STU-2026-0224,19,Female,Off-Campus alone,2.38,0.6,2,2,5,3,8.0,1,5,1,7.422499150777884,3,2,3,4.478637897949586,4,1,3,2,No,3,2,1,2,5.5,5,5,8.085665113728876,2,5,3,0.0,1,5,3,4,3,5,5,0,Active Coping,0
STU-2026-0225,19,Female,Off-Campus alone,3.16,1.0,4,3,1,4,8.0,3,3,2,9.953398058133931,3,4,5,3.243846099744701,4,3,4,5,Full-time,5,4,4,4,3.5,4,5,11.491462009375626,4,2,4,0.0,3,4,1,4,3,3,3,0,Substance Use,2
STU-2026-0226,19,Male,Off-Campus with family,3.15,0.6,3,2,3,3,7.4,2,3,1,4.001557211475165,2,2,3,2.4484455918606054,1,1,4,5,Full-time,3,3,2,3,3.5,4,3,17.917942349866358,4,5,2,0.0,3,5,1,5,3,4,4,0,Active Coping,1
STU-2026-0227,24,Female,Off-Campus alone,2.69,0.8,3,2,2,3,9.0,1,4,1,4.437984616657181,2,4,3,1.0768067175116829,3,1,1,1,No,5,5,2,4,3.5,5,1,18.389718924763365,5,2,2,0.0,2,5,2,5,1,4,4,0,Active Coping,0
STU-2026-0228,19,Female,Off-Campus alone,3.02,1.0,2,1,3,3,7.8,1,4,1,5.698737730073529,3,5,3,3.607824437468188,2,4,5,5,Full-time,3,2,2,3,1.5,3,4,17.03042598508117,2,5,3,0.0,1,5,3,3,1,3,1,1,Active Coping,0
STU-2026-0229,22,Male,On-Campus,3.33,1.0,3,2,2,3,8.1,2,4,1,6.143557319796119,2,4,4,2.7621017512464783,3,2,4,5,Part-time,4,3,2,4,0.0,4,3,21.50368652944008,3,4,1,0.0,3,5,1,4,2,5,3,2,Social Support Seeking,1
STU-2026-0230,20,Male,Off-Campus alone,,1.0,2,2,5,2,6.8,2,3,1,2.5860429939062133,2,4,3,0.9006380768148997,2,2,2,1,Part-time,1,1,2,1,1.5,5,2,14.068184650615073,2,4,2,2.0,1,3,5,3,4,5,4,0,Denial,2
STU-2026-0231,21,Female,On-Campus,3.64,1.0,5,5,1,5,7.1,1,4,2,10.74548821728787,3,4,4,3.573483297749008,1,2,5,5,No,4,4,1,3,0.0,5,5,25.26083074004662,1,4,1,0.0,3,5,1,4,2,3,3,2,Active Coping,1
STU-2026-0232,20,Female,Off-Campus with family,3.1,0.8,2,1,4,2,6.8,1,4,1,6.67423352162722,2,3,2,2.7765163813804126,3,3,3,3,No,4,4,1,3,1.5,3,4,19.090935680529533,3,3,1,0.0,0,4,2,5,1,5,4,0,Active Coping,0
STU-2026-0233,20,Female,On-Campus,2.64,1.0,5,5,1,5,8.0,2,3,2,6.299738689550072,3,5,3,4.40682312589957,4,3,2,1,No,2,1,1,2,3.5,3,3,2.3825626489606133,3,4,3,0.0,3,3,2,4,3,1,4,1,Denial,2
STU-2026-0234,20,Female,On-Campus,3.28,1.0,3,4,2,3,8.3,1,5,1,11.056593845088543,4,3,5,3.4293540201108974,4,2,4,3,Part-time,4,4,2,3,3.5,4,5,24.003293149817832,2,2,3,0.0,2,5,1,4,2,5,4,0,Active Coping,0
STU-2026-0235,19,Male,On-Campus,,1.0,4,3,1,4,7.5,1,5,1,8.794483737809532,4,5,3,2.212765317580686,4,4,4,5,No,4,5,1,3,1.5,3,4,11.16506694932139,2,3,1,0.0,2,5,1,5,2,3,3,0,Active Coping,0
STU-2026-0236,21,Male,Off-Campus with family,1.95,0.4,4,5,2,5,,2,3,2,5.661445306666629,3,3,2,2.788361366421919,3,3,3,3,No,4,4,2,4,1.5,5,3,9.829494052715347,3,4,2,1.0,3,5,2,4,2,3,5,0,Active Coping,1
STU-2026-0237,19,Female,On-Campus,3.24,0.8,4,4,1,5,8.0,2,3,1,7.411519613270388,4,3,2,3.2927249586228053,2,2,1,2,No,4,4,1,4,1.5,2,4,17.61885554916447,5,2,1,0.0,3,4,1,5,4,2,2,1,Denial,2
STU-2026-0238,18,Male,Off-Campus with family,2.72,0.8,3,3,3,4,7.9,2,3,1,6.895657169058803,2,3,3,3.186470321087554,4,2,3,4,Part-time,3,3,4,3,3.5,3,4,6.309097638317281,4,5,2,0.0,2,5,3,5,1,3,4,0,Active Coping,0
STU-2026-0239,20,Male,On-Campus,3.06,1.0,2,3,4,3,9.0,1,5,1,10.620877142323192,5,4,3,5.665894994334248,3,5,4,5,No,4,5,1,4,3.5,2,5,11.522653843391932,1,3,1,0.0,1,4,2,5,2,2,2,0,Denial,0
STU-2026-0240,19,Male,On-Campus,3.29,0.8,2,2,3,3,7.8,2,3,2,6.581439495791017,3,4,3,2.195384165414726,2,1,2,1,Part-time,5,5,1,5,5.5,4,2,22.785492703121037,5,3,2,0.0,2,3,2,4,3,5,4,1,Substance Use,1
STU-2026-0241,23,Male,Off-Campus with family,3.13,0.8,5,4,1,5,7.4,1,5,3,3.394851145354475,1,5,4,2.2247562803775054,3,1,4,3,Full-time,5,5,4,4,0.0,5,3,17.781087894987515,3,5,3,0.0,3,5,2,4,3,5,3,2,Social Support Seeking,1
STU-2026-0242,24,Male,Off-Campus alone,3.41,0.8,4,5,3,4,8.9,2,4,1,2.306939732986761,1,3,2,0.9639225465423256,2,2,2,2,No,5,4,1,5,1.5,4,3,19.0611989046961,5,4,3,0.0,3,5,2,5,3,2,3,0,Social Support Seeking,1
STU-2026-0243,23,Male,On-Campus,2.77,0.4,3,2,2,3,6.8,1,4,1,10.68790336851672,4,1,4,2.827411063649406,4,4,3,3,Part-time,3,2,5,2,1.5,5,5,11.71544699751263,2,4,2,1.0,2,5,2,5,3,2,3,0,Denial,1
STU-2026-0244,19,Male,Off-Campus with family,3.09,1.0,2,3,3,3,7.8,2,3,2,5.028463255593424,2,5,3,2.872003662573345,5,2,3,4,No,4,5,1,3,0.0,2,3,7.308150005159484,3,4,3,0.0,2,4,2,4,1,5,4,0,Substance Use,0
STU-2026-0245,18,Male,Off-Campus alone,3.05,0.6,3,3,3,3,6.3,3,2,1,8.675529139083276,2,5,5,4.524741103120377,2,4,5,5,Part-time,4,3,1,4,5.5,2,4,18.53408714656867,5,5,5,0.0,2,5,2,5,3,3,4,0,Social Support Seeking,1
STU-2026-0246,23,Female,Off-Campus with family,2.95,0.6,4,5,2,5,7.3,2,4,3,7.17940857678763,4,2,3,2.569307161286528,2,1,1,2,No,1,1,2,1,5.5,5,3,19.651280781209753,2,2,2,0.0,3,3,3,4,3,2,3,0,Denial,2
STU-2026-0247,20,Female,On-Campus,3.29,1.0,3,4,2,3,7.6,2,4,1,5.958363030304357,3,4,1,3.043289700024076,3,3,2,2,Part-time,5,4,4,4,0.0,5,4,19.42496693040555,5,4,2,0.0,2,4,1,5,2,3,5,0,Denial,1
STU-2026-0248,24,Female,On-Campus,2.85,1.0,4,3,3,5,7.4,2,3,5,6.350381457492186,3,4,4,1.9681799369651907,2,2,2,1,Part-time,4,5,1,4,0.0,5,4,16.045346150589328,4,3,3,1.0,3,5,2,4,1,3,3,0,Active Coping,1
STU-2026-0249,24,Female,Off-Campus alone,2.47,0.4,5,5,1,5,6.3,3,3,1,10.958444703823833,3,5,5,4.629062701473573,3,5,5,4,Full-time,2,2,4,1,1.5,5,5,10.164658782639647,5,1,2,1.0,3,5,3,3,5,2,4,0,Social Support Seeking,2
STU-2026-0250,22,Female,On-Campus,3.57,1.0,2,1,4,2,8.3,2,3,2,3.379841428392188,1,5,2,2.195904137496354,3,4,4,5,Part-time,1,2,2,1,3.5,4,4,27.18884794029865,2,2,3,0.0,1,5,3,3,3,4,3,0,Active Coping,0
STU-2026-0251,19,Male,Off-Campus alone,3.2,1.0,3,3,4,3,6.7,2,3,1,6.0338619231101855,2,5,3,1.6096359470722188,2,4,1,2,No,5,5,3,5,1.5,3,4,17.398937214920878,2,3,4,0.0,3,5,2,5,2,4,4,0,Active Coping,1
STU-2026-0252,19,Female,Off-Campus with family,2.7,0.4,3,2,4,3,6.0,3,3,1,9.266414401709254,4,5,3,3.644927656968681,3,2,4,5,Part-time,1,1,1,1,0.0,5,5,14.13056679205416,2,4,2,0.0,3,4,3,4,4,2,5,0,Denial,2
STU-2026-0253,22,Female,Off-Campus alone,2.61,1.0,3,4,2,3,8.6,3,3,1,3.7921374788843596,2,3,4,2.3153699779188757,2,2,5,5,Part-time,1,1,1,1,0.0,3,4,14.152753812583162,5,5,3,,3,4,3,4,5,5,4,0,Social Support Seeking,2
STU-2026-0254,19,Female,Off-Campus alone,3.28,1.0,2,1,5,3,7.6,2,4,1,10.293207019443962,3,5,3,7.048226669416148,4,5,4,4,No,3,3,4,3,1.5,4,5,15.747987390367769,2,4,3,1.0,1,5,3,5,3,4,3,0,Denial,1
STU-2026-0255,19,Male,Off-Campus alone,3.51,1.0,1,1,4,2,5.8,2,4,1,9.230624289384064,4,4,4,3.941135668097459,4,2,4,3,No,2,2,4,2,5.5,4,4,20.348041310789903,3,4,1,0.0,1,4,3,4,4,3,3,0,Social Support Seeking,1
STU-2026-0256,20,Male,On-Campus,3.59,1.0,5,5,2,5,5.5,5,1,1,7.679489212830842,3,2,3,3.482646899466254,4,3,3,4,Full-time,5,5,2,5,1.5,3,4,15.948140616527263,3,1,1,1.0,3,5,1,5,3,2,5,1,Social Support Seeking,2
STU-2026-0257,23,Male,Off-Campus alone,3.36,1.0,3,4,3,3,6.6,2,3,3,5.742107739314331,3,4,4,2.79115807285149,3,3,4,4,Part-time,3,3,1,2,1.5,5,3,19.292565767237484,3,2,4,1.0,3,4,4,4,2,2,3,0,Denial,2
STU-2026-0258,21,Male,Off-Campus with family,3.09,1.0,3,3,2,4,7.9,2,3,1,3.4710846120401073,2,5,3,2.3123465661525033,1,2,3,4,Part-time,4,5,1,4,0.0,2,2,15.756988439466037,2,3,5,0.0,2,3,1,4,1,3,4,0,Denial,1
STU-2026-0259,20,Female,Off-Campus with family,2.64,0.8,5,4,1,5,8.3,2,4,1,8.767614735335176,4,5,4,5.515736200334495,3,3,4,5,No,5,5,2,5,1.5,5,5,14.438230542648096,3,4,4,0.0,3,5,3,4,2,2,3,0,Denial,1
STU-2026-0260,18,Female,Off-Campus with family,3.63,1.0,4,5,1,4,6.3,3,2,1,13.871612336209719,5,2,5,3.9575787996783705,3,2,4,3,Part-time,4,5,1,4,3.5,4,5,18.206251966641943,4,1,5,0.0,3,5,2,5,3,3,3,0,Social Support Seeking,1
STU-2026-0261,20,Male,Off-Campus alone,3.15,0.8,2,2,5,2,6.6,2,4,1,7.3647313397921454,3,5,4,3.08124826245722,2,1,3,4,No,3,2,1,3,1.5,4,5,18.01643016836898,1,3,2,1.0,1,3,3,4,3,2,3,0,Substance Use,1
STU-2026-0262,25,Prefer not to say,Off-Campus alone,2.99,0.8,3,3,3,4,8.3,2,4,1,2.4348864731702475,3,5,3,1.05187147771439,2,2,4,3,Part-time,4,4,1,3,1.5,4,3,14.151829404524225,5,5,2,0.0,2,4,3,4,2,4,5,1,Social Support Seeking,1
STU-2026-0263,18,Female,Off-Campus alone,2.85,1.0,3,2,2,3,7.2,3,3,1,8.14379122531687,4,3,4,4.841875240051777,3,3,1,1,No,3,2,3,2,3.5,3,5,11.253965211428703,4,4,2,1.0,3,5,3,4,4,4,4,0,Active Coping,2
STU-2026-0264,20,Male,Off-Campus with family,2.93,0.8,4,3,1,5,5.7,2,3,2,9.150657428502988,3,4,3,4.5885646031031,4,3,3,2,Part-time,3,2,1,2,0.0,4,4,16.708644573702173,3,4,1,1.0,3,5,2,5,4,3,4,0,Active Coping,2
STU-2026-0265,22,Male,Off-Campus with family,3.28,1.0,4,5,1,5,6.4,2,4,1,4.705368920260157,2,5,3,2.48024809856681,2,3,5,5,Full-time,4,5,2,4,1.5,4,3,15.39174334481297,3,4,4,1.0,3,5,3,4,2,4,3,0,Active Coping,1
STU-2026-0266,21,Male,Off-Campus with family,2.65,1.0,4,4,1,4,6.3,2,4,1,5.38622018477651,3,4,3,3.765506282510601,4,3,4,4,No,5,5,2,5,1.5,4,4,12.225641436146212,2,2,5,0.0,3,5,2,5,2,5,4,1,Denial,1
STU-2026-0267,21,Male,On-Campus,3.39,1.0,3,2,3,3,10.0,1,5,1,5.13155442813427,2,2,3,1.2186416571276955,1,1,1,1,Full-time,4,5,2,4,1.5,3,4,10.787997587316017,3,2,4,0.0,1,4,3,4,2,4,4,0,Social Support Seeking,0
STU-2026-0268,21,Male,On-Campus,,0.6,4,5,3,5,8.5,1,5,1,5.671590332840777,2,5,3,1.7667282462093794,1,3,1,2,No,5,4,1,4,3.5,2,3,17.052379219472282,4,5,3,0.0,2,4,1,5,2,3,4,0,Active Coping,1
STU-2026-0269,19,Male,On-Campus,3.06,1.0,1,1,5,2,6.9,1,5,1,6.569592214304885,2,5,3,2.653773430062331,2,2,2,1,Part-time,4,4,1,3,3.5,2,4,17.75047528513847,2,4,2,0.0,0,5,2,4,1,3,2,0,Active Coping,0
STU-2026-0270,19,Male,On-Campus,2.74,1.0,2,2,3,3,8.9,1,5,1,4.847747228766243,2,4,3,1.8125300360502021,2,1,4,5,Part-time,4,3,2,3,1.5,4,3,13.199839426725697,3,4,1,0.0,1,5,1,5,2,5,5,1,Active Coping,0
STU-2026-0271,22,Male,On-Campus,2.25,0.8,3,4,3,4,7.3,3,3,1,3.9104056466194375,1,5,1,0.8244025919816336,1,3,4,3,No,5,4,3,4,0.0,1,3,12.100314820435372,1,2,2,0.0,3,4,1,4,2,2,4,0,Denial,1
STU-2026-0272,22,Female,On-Campus,2.53,1.0,1,2,4,2,8.5,2,4,2,7.435938464187543,4,4,3,1.8284140098925505,2,1,2,3,Part-time,1,1,2,1,1.5,5,3,10.848724054814047,4,4,3,0.0,1,5,2,5,3,3,5,0,Active Coping,0
STU-2026-0273,22,Male,On-Campus,3.35,1.0,2,1,5,3,7.6,2,4,1,6.543344900340748,2,3,4,3.536525103406068,4,2,3,3,Part-time,3,3,4,2,1.5,4,3,16.911274695724593,3,1,2,0.0,1,5,2,4,3,4,1,1,Active Coping,0
STU-2026-0274,23,Female,On-Campus,3.01,1.0,4,4,3,4,7.0,2,4,1,5.9093955747079585,4,4,2,3.780017161205175,3,2,4,5,No,4,4,3,3,1.5,5,4,10.980114631796317,3,2,5,0.0,2,5,2,5,3,4,3,2,Social Support Seeking,1
STU-2026-0275,20,Male,Off-Campus alone,3.53,0.8,5,5,2,5,8.1,2,4,1,7.207974291803786,3,3,4,3.2948623970388877,2,3,3,2,No,4,5,3,4,3.5,5,4,26.205672845103653,1,3,4,0.0,3,5,3,5,3,4,3,0,Active Coping,1
STU-2026-0276,20,Prefer not to say,Off-Campus with family,2.33,0.8,3,3,2,4,8.2,1,5,1,3.19956073610389,1,5,2,1.502499450855423,1,2,3,3,Part-time,2,3,1,1,0.0,2,4,12.948592820145015,5,3,1,0.0,2,4,3,4,2,3,5,2,Denial,1
STU-2026-0277,21,Male,On-Campus,2.49,1.0,2,3,4,3,7.7,1,4,1,7.6580073074919,3,2,4,2.508355147860158,1,3,3,4,Part-time,3,2,1,3,1.5,5,5,2.8739286106369946,2,2,1,0.0,2,5,2,4,3,2,4,0,Denial,1
STU-2026-0278,20,Male,Off-Campus with family,3.47,1.0,2,1,5,3,7.8,2,3,2,5.960779499276093,2,4,4,3.4807267430184687,1,4,3,4,Part-time,3,3,2,3,1.5,4,4,14.849141666854326,3,2,3,1.0,2,5,3,5,1,5,5,0,Substance Use,1
STU-2026-0279,21,Non-Binary,On-Campus,3.02,1.0,2,2,3,2,7.6,2,4,1,7.598723670281949,3,4,3,4.3760843971651004,3,3,2,3,Part-time,4,3,1,4,1.5,5,4,14.634832600905987,3,4,2,0.0,1,5,2,4,2,1,5,0,Active Coping,0
STU-2026-0280,21,Female,Off-Campus alone,2.79,0.8,1,2,4,1,8.1,2,4,3,7.999122763547419,3,5,3,3.953029241665095,5,2,2,3,No,5,4,2,5,3.5,5,3,20.558592837620942,4,4,4,0.0,1,5,2,5,2,2,4,0,Social Support Seeking,0
STU-2026-0281,22,Female,Off-Campus alone,3.08,1.0,5,5,1,5,9.6,1,5,2,9.827878195715444,4,3,2,3.010594991349193,1,2,4,5,Part-time,5,4,1,5,0.0,1,4,16.440631183638523,2,3,3,,3,3,2,4,4,3,4,0,Denial,2
STU-2026-0282,19,,On-Campus,2.67,1.0,2,1,5,3,8.7,1,4,1,7.2573860424722785,3,1,3,1.803526539944147,3,2,4,4,No,4,3,2,3,1.5,4,5,10.830824082800989,4,3,2,0.0,0,5,1,5,3,4,4,0,Active Coping,0
STU-2026-0283,19,Male,Off-Campus with family,3.11,1.0,3,3,2,4,7.3,1,4,2,9.666797075135817,2,3,3,2.2438500536304407,1,2,3,3,No,5,4,2,4,5.5,4,5,13.568040632516118,3,5,2,0.0,3,5,2,5,1,4,4,1,Active Coping,1
STU-2026-0284,18,Female,Off-Campus alone,3.13,1.0,1,1,5,1,7.3,1,4,1,6.195217147174774,2,5,3,3.074983846999454,2,2,3,3,No,3,3,2,3,1.5,4,3,16.637098858254937,3,1,2,1.0,0,4,4,3,1,5,4,1,Active Coping,0
STU-2026-0285,20,Female,Off-Campus alone,2.82,1.0,5,4,2,5,7.4,2,4,1,6.314556216588942,3,3,3,3.8677771950170925,2,2,1,1,No,3,4,5,2,1.5,3,3,4.176428748447947,4,2,4,0.0,3,5,3,5,3,2,4,0,Social Support Seeking,1
STU-2026-0286,18,Female,Off-Campus with family,2.95,1.0,4,4,2,4,6.2,2,4,4,6.772679567940812,4,3,2,4.261134402520404,2,1,2,1,No,3,3,1,3,1.5,3,3,21.693108671952253,4,4,1,0.0,3,3,2,4,3,3,5,0,Denial,2
STU-2026-0287,20,Female,Off-Campus with family,2.77,1.0,5,5,1,5,7.8,3,3,1,8.93531225169553,3,2,5,3.8583664508578672,3,2,1,1,No,4,4,1,3,5.5,4,3,10.844150570976677,4,2,4,0.0,3,5,1,5,4,3,4,0,Active Coping,2
STU-2026-0288,20,Male,On-Campus,3.56,0.8,4,3,1,4,6.2,4,2,1,8.577397692557284,2,5,3,5.078982955017625,3,5,2,3,Part-time,2,2,1,1,5.5,4,4,22.085219104738087,5,4,3,0.0,3,5,2,5,3,5,5,0,Active Coping,1
STU-2026-0289,19,Female,Off-Campus alone,2.73,1.0,3,4,2,3,7.0,3,2,1,7.337679699654485,4,2,3,4.941487737279088,4,4,3,4,No,4,5,4,3,1.5,5,5,16.962325705632942,2,4,3,0.0,3,5,1,5,3,3,1,0,Social Support Seeking,1
STU-2026-0290,20,Male,On-Campus,2.68,0.6,2,1,3,3,8.6,1,5,1,3.930661645988696,3,3,2,1.3269326328373612,1,1,5,5,No,4,5,2,3,0.0,5,4,18.147970681969873,5,5,1,0.0,1,5,2,5,1,1,4,0,Social Support Seeking,0
STU-2026-0291,18,Male,Off-Campus alone,3.34,1.0,4,4,2,4,7.0,2,3,5,8.532647939415815,4,3,3,3.404357352640649,3,3,1,2,No,3,4,2,2,5.5,4,5,20.747117180006363,1,5,3,0.0,3,4,3,5,2,4,3,0,Denial,1
STU-2026-0292,18,Male,Off-Campus with family,3.16,0.8,3,3,2,3,7.3,1,4,1,4.8464884130425725,2,4,2,3.226498754914705,3,1,2,2,No,5,5,1,4,1.5,2,3,17.86566026346249,4,5,3,0.0,2,4,1,4,2,3,3,0,Denial,1
STU-2026-0293,22,Female,Off-Campus with family,2.94,0.8,3,4,3,4,6.6,2,4,1,4.7102565155007,2,5,2,1.7386286118753127,2,2,4,5,No,4,5,2,3,1.5,3,2,18.364431081587256,3,2,3,0.0,2,5,2,4,1,3,5,1,Social Support Seeking,0
STU-2026-0294,19,Male,Off-Campus with family,2.95,1.0,1,1,5,1,9.1,1,4,1,4.153787275155793,2,4,3,2.7287813079337875,2,1,1,1,No,2,1,1,2,3.5,4,4,14.177917797693093,3,5,4,0.0,1,3,2,4,2,5,5,1,Substance Use,1
STU-2026-0295,18,Male,On-Campus,3.29,1.0,1,1,4,2,6.6,3,2,1,6.7920782229949115,3,5,4,4.690082366948782,3,4,3,2,Part-time,3,4,3,3,1.5,5,4,16.860843407360477,2,2,3,1.0,1,5,3,5,2,3,5,0,Denial,0
STU-2026-0296,20,Female,On-Campus,3.11,0.8,3,2,4,3,6.4,2,3,1,10.02931074617672,3,5,5,5.324614875248605,3,4,4,4,Part-time,4,4,3,4,0.0,4,5,12.062510925141286,3,4,4,0.0,2,5,1,4,2,2,5,0,Active Coping,0
STU-2026-0297,21,Male,On-Campus,2.68,1.0,3,3,4,4,6.0,1,4,1,4.586598639049465,2,4,1,2.7906936728561638,3,3,4,4,Part-time,3,3,3,2,3.5,4,3,13.282944502060163,2,4,2,1.0,2,5,2,4,2,3,3,0,Social Support Seeking,1
STU-2026-0298,19,Female,On-Campus,3.34,0.6,4,3,3,5,6.8,4,2,1,11.19643988293522,4,5,5,6.435408901248114,3,5,1,1,No,1,1,3,1,1.5,5,5,24.82347523984454,3,2,4,1.0,3,5,3,4,4,3,3,0,Active Coping,2
STU-2026-0299,20,Male,Off-Campus alone,3.36,1.0,2,3,4,3,6.8,2,4,1,9.27452555613393,4,5,4,5.098829286049963,3,4,2,3,No,4,5,2,4,1.5,5,4,10.959032074747892,1,4,1,0.0,2,5,2,5,1,2,4,0,Active Coping,0
STU-2026-0300,18,Female,On-Campus,2.86,0.6,3,3,3,4,8.2,1,4,3,3.3384948418734393,2,5,2,1.1800428703539505,1,1,4,4,Part-time,5,5,3,5,1.5,3,3,15.771585633181404,3,1,4,0.0,2,5,1,5,2,4,5,0,Social Support Seeking,0
STU-2026-0301,18,Female,On-Campus,2.76,1.0,2,2,4,3,6.4,2,4,1,6.043062044554197,2,4,4,1.3811247220960627,2,3,2,1,No,3,2,1,2,1.5,1,3,15.56734518357738,1,2,5,0.0,1,3,2,5,2,2,2,0,Denial,1
STU-2026-0302,20,Male,Off-Campus alone,2.57,0.8,1,1,4,1,8.6,1,4,2,4.399374332522987,1,4,3,1.6344813598918435,1,2,1,2,No,5,5,2,5,0.0,3,5,13.446227641096005,2,5,2,0.0,1,4,2,4,1,5,5,0,Social Support Seeking,0
STU-2026-0303,20,Male,Off-Campus alone,3.01,0.8,3,4,3,3,5.4,3,3,2,8.662388644339291,3,4,4,4.621107081233636,4,2,3,3,No,5,5,1,5,1.5,4,4,17.57200468285219,1,2,3,1.0,3,4,2,5,2,2,4,0,Denial,2
STU-2026-0304,20,Male,Off-Campus alone,3.38,0.8,2,2,3,3,7.7,2,4,2,4.529591630823977,2,5,2,1.1381260252686662,2,1,1,2,No,2,3,1,2,1.5,5,4,17.948610463706913,3,1,3,0.0,2,4,3,5,2,3,5,0,Social Support Seeking,1
STU-2026-0305,21,Male,Off-Campus alone,2.88,1.0,2,2,3,3,8.2,2,4,3,2.947201307359551,2,3,4,0.6070026089791922,1,2,3,4,No,4,5,1,4,3.5,2,2,10.370904084262104,4,3,1,0.0,1,5,4,5,2,3,4,0,Active Coping,0
STU-2026-0306,24,Prefer not to say,On-Campus,3.04,0.8,3,2,4,4,7.6,2,4,1,6.185685558157279,3,3,3,1.6691836575288175,2,1,1,1,No,3,4,2,2,1.5,1,4,15.506783557732756,5,5,2,0.0,2,4,2,3,3,4,4,2,Substance Use,1
STU-2026-0307,20,Male,On-Campus,2.56,1.0,2,1,5,2,7.2,2,4,1,9.923485184240645,5,4,4,5.5359944676312685,4,5,5,5,No,3,4,1,3,3.5,5,5,9.588163306138215,1,1,2,0.0,0,4,2,5,2,3,5,1,Active Coping,0
STU-2026-0308,19,Female,Off-Campus alone,3.41,0.8,1,2,5,2,8.3,2,3,1,6.518709440393617,2,3,3,4.4744216313503795,3,2,2,1,No,4,5,3,4,3.5,4,5,18.942743091586504,3,3,4,0.0,1,4,4,4,2,4,5,0,Active Coping,0
STU-2026-0309,21,Male,Off-Campus with family,2.75,1.0,1,1,4,2,8.6,1,5,1,7.996109658391704,3,4,5,5.529568501385343,4,3,3,2,Part-time,4,4,1,4,3.5,5,5,15.882436551813127,4,5,4,0.0,1,5,2,4,1,4,3,0,Active Coping,0
STU-2026-0310,19,Female,On-Campus,2.73,0.6,2,3,3,3,7.1,1,4,1,8.093077743867601,2,2,3,3.6175213776940747,3,2,2,3,Part-time,2,2,1,2,0.0,4,4,15.411649433585437,3,2,3,0.0,2,3,3,4,3,5,5,1,Substance Use,1
STU-2026-0311,20,Female,Off-Campus alone,3.38,1.0,1,1,4,2,7.0,1,4,1,3.2193110181473132,2,3,2,2.043219924247654,2,1,3,3,Part-time,5,5,3,4,3.5,4,2,18.295156744362014,4,3,3,0.0,1,5,3,5,1,4,5,0,Active Coping,0
STU-2026-0312,18,Female,On-Campus,2.3,0.8,4,5,2,4,8.3,2,4,3,4.751564682113365,2,5,2,2.7008522184204793,4,1,5,5,Part-time,4,4,1,4,1.5,3,2,13.622448547657996,2,4,3,0.0,2,4,1,4,2,1,1,1,Denial,1
STU-2026-0313,18,Female,On-Campus,3.09,0.6,2,3,3,3,7.2,1,4,1,7.016160467993993,1,4,3,3.1609214454016565,3,2,5,4,Full-time,5,4,3,5,0.0,2,5,19.570109796091025,3,3,2,0.0,1,5,1,5,2,4,3,0,Active Coping,0
STU-2026-0314,24,Male,Off-Campus with family,2.47,0.8,2,3,5,3,8.9,1,5,3,5.606612540861529,3,5,2,2.7269457016605667,4,2,2,3,No,3,3,2,3,0.0,4,4,10.257775636219321,3,5,2,0.0,2,5,2,5,2,5,4,2,Active Coping,0
STU-2026-0315,22,Male,Off-Campus with family,3.33,1.0,3,3,4,3,6.2,3,2,1,11.261136375985394,4,2,4,3.024894081467043,3,1,2,3,No,5,4,5,5,3.5,4,5,22.059382594472638,1,2,3,0.0,2,5,1,5,4,5,4,1,Denial,1
STU-2026-0316,21,Female,Off-Campus with family,2.85,1.0,4,3,1,5,7.1,1,4,1,3.9291940122977747,2,3,1,2.6279657007681045,3,3,3,2,No,3,3,2,3,0.0,2,4,12.245444087225732,3,5,5,0.0,3,5,2,5,3,2,4,0,Social Support Seeking,1
STU-2026-0317,20,Female,On-Campus,3.08,0.4,5,5,1,5,7.9,1,5,1,4.726849741917874,2,5,3,1.7771295213619325,2,3,5,5,Part-time,1,2,1,1,0.0,5,4,6.519104661522061,3,5,3,1.0,3,5,3,5,4,4,2,0,Active Coping,2
STU-2026-0318,19,Non-Binary,Off-Campus alone,2.88,1.0,4,3,3,4,,5,1,2,7.726360648699365,2,5,4,3.2688271590084508,2,4,3,4,Part-time,4,5,1,4,3.5,3,4,13.35732545768634,2,2,3,1.0,3,5,3,5,5,2,4,0,Denial,2
STU-2026-0319,19,Male,On-Campus,3.53,1.0,4,5,1,4,7.2,3,3,1,5.430266655541777,4,4,3,2.9097004092290435,3,1,2,2,No,4,5,1,4,3.5,4,4,12.790159013728955,3,1,4,0.0,3,5,1,4,2,3,4,0,Social Support Seeking,1
STU-2026-0320,19,Female,On-Campus,3.08,0.8,3,4,4,3,8.0,1,5,3,1.0,2,5,2,0.5,2,1,4,4,Full-time,4,3,4,3,1.5,3,2,13.319630069249818,4,5,2,0.0,2,4,3,3,3,4,3,0,Substance Use,1
STU-2026-0321,20,Non-Binary,Off-Campus alone,2.77,0.8,4,5,2,5,6.9,2,3,3,11.836703073534544,3,5,5,3.872135710882903,3,4,3,2,No,3,3,1,3,0.0,5,4,16.158240077419915,4,3,3,0.0,3,4,2,5,2,5,4,0,Substance Use,1
STU-2026-0322,21,Male,Off-Campus alone,3.37,1.0,3,4,4,4,6.9,3,3,3,4.314236534433782,2,5,4,2.224095480626085,1,3,1,1,Full-time,1,1,1,1,0.0,2,4,20.48921180444136,3,4,2,1.0,2,4,3,3,3,4,3,0,Active Coping,2
STU-2026-0323,21,Male,Off-Campus alone,2.84,0.8,2,3,4,2,,3,2,1,8.402231806704515,3,4,3,1.7854073867458422,3,3,3,2,No,4,3,1,4,1.5,5,4,14.041470430514316,3,4,2,0.0,2,4,2,4,3,5,3,0,Denial,1
STU-2026-0324,19,Female,Off-Campus alone,2.91,0.8,2,1,3,2,9.1,1,4,2,3.866522071939613,1,3,3,2.1666541911140746,2,2,2,2,No,3,2,3,2,0.0,2,3,11.541912150905496,3,4,3,0.0,1,5,3,5,2,1,4,1,Active Coping,0
STU-2026-0325,24,,Off-Campus with family,2.64,1.0,2,1,3,2,7.8,2,3,2,4.842412732292525,3,4,3,2.213039201951465,1,2,3,2,No,4,3,1,3,1.5,4,3,9.367265938581014,3,5,3,0.0,0,4,1,4,2,1,5,0,Denial,0
STU-2026-0326,21,Female,Off-Campus with family,3.28,0.6,5,5,1,5,8.9,1,4,1,2.942667493296905,3,4,3,1.4797994045330243,2,1,1,1,No,3,2,5,3,0.0,4,2,12.659086043454778,1,2,2,0.0,3,4,3,4,3,4,3,0,Social Support Seeking,2
STU-2026-0327,20,Male,On-Campus,2.99,1.0,3,3,2,4,7.2,1,4,1,5.1470164993423,2,2,3,2.655552102493839,2,3,2,1,No,5,4,1,4,5.5,3,4,5.560875803748237,3,2,3,0.0,2,5,1,5,2,3,4,0,Denial,0
STU-2026-0328,20,Female,Off-Campus with family,2.94,1.0,4,4,2,4,7.6,2,3,1,5.389295456378626,3,5,3,2.4980735981102336,2,2,2,2,No,4,5,1,4,1.5,3,4,11.374334532418194,3,5,3,0.0,3,5,1,5,2,5,3,0,Active Coping,1
STU-2026-0329,20,Male,On-Campus,3.81,1.0,3,4,2,4,7.7,1,5,1,6.668585806637758,3,1,2,3.2760554013917362,3,3,4,5,Part-time,4,4,1,3,0.0,5,4,21.220269479310932,3,5,4,0.0,2,5,2,5,1,3,3,0,Social Support Seeking,0
STU-2026-0330,19,Male,On-Campus,2.93,1.0,3,2,4,3,9.3,1,4,1,6.068577894058877,3,4,2,3.288526558881067,2,3,1,1,No,5,4,3,4,3.5,5,3,10.883203977107886,5,4,4,0.0,1,4,1,4,3,3,4,2,Denial,1
STU-2026-0331,19,Male,Off-Campus with family,3.31,0.6,2,2,3,3,7.8,2,3,4,3.3962004325904296,2,3,1,1.9581113638098933,2,1,2,3,No,4,5,4,4,1.5,1,3,18.143579304001527,4,5,2,0.0,3,5,2,5,1,3,4,0,Social Support Seeking,1
STU-2026-0332,21,Female,Off-Campus with family,2.84,1.0,2,2,5,3,7.5,1,4,1,5.690250429140184,2,5,1,3.207743226675486,4,2,3,2,Part-time,1,1,1,1,1.5,3,2,8.86758955095755,2,4,5,1.0,1,4,3,4,3,3,2,0,Denial,1
STU-2026-0333,18,Female,On-Campus,3.51,1.0,4,4,3,5,8.0,2,4,1,10.617526666937017,4,3,4,6.7400932983772,2,5,3,4,Part-time,1,2,1,1,3.5,2,5,23.85547949655277,2,2,3,0.0,2,3,3,4,4,5,5,0,Active Coping,2
STU-2026-0334,18,Female,On-Campus,3.38,1.0,3,4,3,4,6.6,2,4,4,10.320976363529532,3,5,4,3.0418158706792315,2,2,3,3,No,4,3,3,3,1.5,3,5,24.18803366532355,1,5,4,0.0,2,4,1,3,3,3,2,0,Denial,1
STU-2026-0335,18,Male,Off-Campus with family,3.2,1.0,3,3,2,3,7.6,3,2,1,8.139217572286725,4,4,4,3.260358815644734,3,3,3,3,No,3,3,1,2,1.5,5,4,17.95510778279938,4,3,3,0.0,2,5,2,3,3,3,5,1,Denial,1
STU-2026-0336,18,Female,On-Campus,3.49,1.0,4,4,2,5,8.2,2,4,2,8.657748116850433,4,5,4,5.834439426217544,4,5,4,3,No,4,3,1,4,1.5,4,5,24.956263008217608,4,1,2,0.0,3,4,1,4,3,4,5,0,Active Coping,2
STU-2026-0337,22,Male,Off-Campus alone,2.93,1.0,2,2,3,3,6.1,1,4,1,12.152057002838365,4,5,5,4.840107033933217,4,3,1,2,No,2,1,1,2,0.0,4,4,16.778964874638312,5,3,1,1.0,1,4,4,3,3,3,4,0,Denial,1
STU-2026-0338,21,Female,Off-Campus with family,3.09,1.0,5,5,2,5,7.6,3,3,1,8.428119148971243,4,4,5,2.211833772946408,4,2,4,4,Part-time,3,3,1,2,0.0,5,5,18.84258557074778,3,4,3,0.0,3,3,3,5,3,4,3,0,Denial,2
STU-2026-0339,20,Male,Off-Campus with family,3.03,0.6,3,2,4,4,9.0,1,4,1,8.610474651343877,3,5,4,3.9842609008756384,4,3,2,1,No,4,4,1,4,3.5,4,5,21.309669383657674,4,5,3,0.0,2,4,1,4,2,2,4,2,Denial,1
STU-2026-0340,18,Male,Off-Campus with family,3.17,1.0,3,4,2,3,9.0,1,5,1,3.088542434716144,2,1,3,0.7867922444196274,1,2,1,1,No,5,4,1,5,1.5,4,3,15.898592265492246,3,2,3,0.0,2,5,1,5,2,2,4,0,Active Coping,0
STU-2026-0341,20,Female,Off-Campus alone,2.76,1.0,3,4,2,3,8.2,3,3,1,4.218423596904653,2,3,2,1.2715451638600104,1,1,1,1,Part-time,4,4,1,3,1.5,3,3,7.238112692074693,5,2,2,0.0,3,5,3,5,3,5,5,1,Denial,1
STU-2026-0342,20,Male,On-Campus,3.56,1.0,2,1,4,3,7.2,2,4,2,6.918274207496992,1,2,4,4.836976293722057,3,2,2,2,No,5,5,3,4,1.5,4,3,18.94481677617199,4,4,2,1.0,2,5,2,5,1,4,4,0,Active Coping,1
STU-2026-0343,19,Female,Off-Campus with family,3.13,0.8,2,1,3,3,7.1,3,2,1,4.981394437314382,3,3,2,2.344649305201041,1,2,3,2,No,5,5,1,5,5.5,4,3,12.640702027832681,3,5,2,0.0,1,3,2,4,1,3,4,0,Denial,0
STU-2026-0344,20,Female,Off-Campus with family,2.93,1.0,4,5,1,4,6.8,3,2,3,4.505111782442071,1,5,1,1.5408797541721893,1,2,3,4,No,2,2,3,1,5.5,2,4,13.0123508952227,3,4,3,0.0,3,4,2,5,5,4,5,0,Active Coping,2
STU-2026-0345,19,Male,On-Campus,3.53,1.0,5,5,1,5,9.3,1,4,1,4.793852379419379,2,1,4,3.343172617369338,3,4,5,5,Full-time,3,3,1,3,1.5,3,2,16.48947458239345,4,4,2,0.0,3,5,2,4,4,5,5,0,Active Coping,2
STU-2026-0346,20,Female,Off-Campus alone,3.73,1.0,4,4,2,4,9.3,1,5,1,3.441073394547181,2,4,4,2.3512147683606353,3,2,2,3,No,4,3,2,4,3.5,3,3,17.83140439858685,3,4,3,0.0,3,4,2,4,3,2,4,0,Active Coping,2
STU-2026-0347,20,Male,Off-Campus alone,2.18,0.4,2,3,3,3,7.1,2,4,1,5.0215387847948705,2,4,1,2.1109018513479385,4,1,3,2,Part-time,5,4,1,5,3.5,1,4,15.75067317003109,1,2,2,0.0,1,4,2,5,2,1,5,0,Active Coping,0
STU-2026-0348,18,Female,Off-Campus with family,3.46,1.0,3,3,4,3,7.7,3,2,1,7.8485888870272476,3,4,3,2.5916162502955116,3,2,1,1,No,4,5,3,4,1.5,4,5,18.178647680786543,1,3,4,0.0,2,4,1,4,2,3,4,0,Denial,1
STU-2026-0349,19,Female,Off-Campus alone,2.62,0.8,2,1,4,2,6.9,2,4,2,11.490809816211712,3,4,4,7.115107358891384,5,5,2,1,No,5,4,1,5,0.0,4,5,11.465714329699018,3,2,1,0.0,1,5,1,5,2,2,4,1,Social Support Seeking,0
STU-2026-0350,20,Female,Off-Campus alone,3.29,1.0,1,1,5,1,8.3,2,3,4,8.992455456784047,3,5,4,5.016084802017133,4,4,3,3,Part-time,1,1,4,1,0.0,4,3,14.786481026383584,3,5,2,1.0,0,3,5,3,2,2,4,0,Denial,1
STU-2026-0351,20,Male,Off-Campus with family,3.59,1.0,4,4,3,5,7.6,2,3,2,8.590388712598589,3,2,5,4.668624717254934,2,4,2,3,Full-time,3,3,1,2,3.5,3,5,19.245427252254352,1,2,3,0.0,3,3,2,5,4,5,4,0,Denial,2
STU-2026-0352,22,Non-Binary,Off-Campus alone,3.03,0.8,3,3,4,3,8.0,1,4,1,2.9411665390039854,1,3,1,1.9016314335519555,3,2,2,3,Part-time,4,4,1,4,3.5,4,3,23.863955882183582,2,4,3,0.0,2,5,2,5,3,1,4,0,Social Support Seeking,1
STU-2026-0353,21,Female,Off-Campus with family,2.91,1.0,1,2,5,2,6.9,1,4,1,7.298241762555043,4,4,3,3.9754148116313597,4,4,3,3,Part-time,3,2,5,2,3.5,2,3,25.632177944866044,2,2,2,0.0,0,4,1,3,2,4,4,0,Social Support Seeking,0
STU-2026-0354,19,Male,Off-Campus with family,3.19,0.6,1,1,4,2,,2,4,1,6.8326002417571505,2,4,3,2.336058995469365,2,2,4,4,Part-time,2,2,2,2,0.0,4,4,17.164883413638655,3,3,5,0.0,1,4,2,4,2,3,4,0,Social Support Seeking,0
STU-2026-0355,18,Male,Off-Campus with family,3.06,0.6,5,5,2,5,7.0,3,3,2,7.726852742377947,4,4,3,4.226059786062857,4,3,5,4,No,3,3,1,2,1.5,5,3,19.200049133728037,2,2,2,0.0,3,4,2,5,4,4,4,0,Active Coping,2
STU-2026-0356,20,Female,Off-Campus alone,2.73,0.6,1,2,4,2,7.8,1,5,1,6.098281326306352,2,5,1,2.1521246778579424,2,3,4,5,No,1,2,4,1,3.5,3,4,24.907895824075958,1,3,2,0.0,2,4,4,4,2,4,4,0,Denial,1
STU-2026-0357,18,Female,On-Campus,3.7,1.0,3,3,3,3,6.8,3,2,1,11.155191852536671,3,4,4,6.465766610506316,4,5,4,3,Part-time,4,5,1,3,3.5,5,5,11.645819816332526,2,2,2,0.0,3,5,1,5,2,3,5,0,Social Support Seeking,1
STU-2026-0358,20,Female,Off-Campus alone,3.27,0.8,3,2,3,4,7.1,1,5,1,7.131938790744557,2,4,4,3.6363896401134674,2,3,2,1,No,5,5,1,5,0.0,5,3,18.14849926356292,2,4,2,0.0,2,5,2,5,2,2,4,0,Social Support Seeking,0
STU-2026-0359,23,Female,Off-Campus alone,3.41,1.0,2,2,5,3,6.4,2,3,1,7.375558387342181,3,1,3,1.7605883882275875,4,2,4,3,Part-time,5,4,5,4,3.5,2,4,18.841714747430732,4,3,2,0.0,1,4,2,5,1,2,3,1,Denial,0
STU-2026-0360,20,Female,On-Campus,3.54,0.6,2,1,3,2,8.7,1,4,1,2.0938994378828735,2,4,3,0.9556927261412764,2,1,5,5,Full-time,4,4,1,3,0.0,1,2,22.239307180383722,2,4,2,0.0,1,5,1,5,1,4,5,0,Active Coping,0
STU-2026-0361,19,Male,Off-Campus alone,2.58,0.8,3,3,4,3,7.5,1,4,1,6.7333107951391975,4,5,4,2.502438219961555,1,2,1,1,No,3,3,4,3,3.5,5,3,9.314293097318888,4,3,4,0.0,1,5,2,5,2,2,5,0,Social Support Seeking,0
STU-2026-0362,20,Male,On-Campus,2.83,0.8,4,3,3,4,8.8,1,4,2,9.873148375076585,4,2,3,3.5966429793446855,4,2,2,1,No,4,4,1,3,1.5,3,3,10.302971080997416,3,3,2,0.0,3,3,1,5,1,1,4,1,Denial,1
STU-2026-0363,20,Male,On-Campus,2.67,1.0,3,3,2,4,6.2,2,3,3,8.388939020352588,2,3,4,4.203933501703437,2,3,4,3,Part-time,2,3,3,1,0.0,5,3,15.106911055523529,5,3,3,2.0,2,5,2,5,3,5,3,0,Active Coping,2
STU-2026-0364,20,Female,Off-Campus with family,2.95,1.0,4,3,3,5,8.9,2,3,1,1.6110226506422292,2,5,1,0.5818408266707079,1,1,2,1,No,3,3,2,3,3.5,4,2,16.888638311608176,2,5,2,0.0,3,5,1,5,5,5,5,0,Active Coping,2
STU-2026-0365,23,Male,On-Campus,3.39,1.0,5,5,1,5,7.5,2,4,1,5.875812317134439,2,4,3,3.4576033908303536,3,3,3,2,Part-time,2,2,5,1,0.0,3,3,20.614319768669038,2,3,2,1.0,3,4,3,4,3,3,5,0,Denial,2
STU-2026-0366,19,Female,Off-Campus alone,2.56,0.8,4,4,3,4,8.9,2,4,1,11.329748668407507,4,3,4,2.666974322622631,3,1,2,1,No,5,5,2,4,3.5,2,5,17.587718879061356,1,2,1,0.0,2,5,3,5,2,1,3,1,Active Coping,0
STU-2026-0367,24,Female,Off-Campus alone,2.84,1.0,3,4,2,4,8.1,1,5,5,6.623398199296189,2,4,3,3.511686820736671,3,3,2,3,Part-time,5,5,1,5,1.5,4,3,14.242933849448582,2,5,4,0.0,2,5,3,5,1,4,2,2,Active Coping,0
STU-2026-0368,23,Female,Off-Campus with family,2.86,1.0,3,4,2,4,7.7,1,5,5,7.806039956777818,1,3,2,4.719511476436315,2,3,2,1,No,4,4,2,3,3.5,4,4,17.082307223780703,4,2,3,0.0,2,5,2,5,1,4,4,0,Social Support Seeking,0
STU-2026-0369,19,Male,On-Campus,3.06,0.8,4,3,2,5,6.8,1,4,3,11.047523218218252,5,5,3,5.926066501818138,4,5,3,3,Part-time,4,3,1,3,5.5,4,5,16.505222381372256,1,5,4,0.0,3,5,1,3,2,2,4,0,Active Coping,1
STU-2026-0370,18,Female,On-Campus,3.56,1.0,4,4,1,4,6.8,1,4,2,6.613464646132735,2,2,3,2.9668967803714374,3,2,1,1,No,2,2,3,1,1.5,5,4,23.72508214993894,2,2,2,0.0,3,4,2,5,3,2,3,0,Denial,2
STU-2026-0371,18,Male,Off-Campus with family,3.32,1.0,3,2,2,4,7.5,2,4,1,8.977574649894757,3,5,4,6.061241008046515,5,4,1,1,No,4,3,4,3,1.5,5,5,15.828294717842661,5,4,4,0.0,1,4,3,4,3,4,4,0,Social Support Seeking,1
STU-2026-0372,18,Female,Off-Campus alone,3.29,1.0,4,5,2,4,5.9,5,1,2,8.028489692895903,4,4,3,2.809724475502439,1,3,4,5,No,4,4,2,4,1.5,3,4,13.084582932237181,3,2,3,1.0,3,4,3,5,3,5,4,0,Denial,2
STU-2026-0373,18,Male,Off-Campus with family,3.56,1.0,1,1,5,2,5.9,3,3,1,8.562872158775981,5,5,3,1.7946405169702873,1,2,2,3,Part-time,3,2,3,3,0.0,5,5,17.248045150359147,1,5,1,0.0,1,5,1,4,3,4,5,2,Active Coping,0
STU-2026-0374,21,Male,On-Campus,3.28,1.0,3,2,3,4,8.3,3,3,1,7.948039142083675,4,2,4,3.306342045094511,2,3,3,3,Part-time,2,2,1,2,1.5,5,5,15.99242659669266,1,4,2,0.0,2,4,2,4,3,2,4,0,Denial,1
STU-2026-0375,18,Female,Off-Campus with family,3.33,1.0,2,3,5,2,5.9,3,3,1,5.630925303713034,2,4,2,1.2191289333354596,2,3,1,1,No,5,5,2,5,3.5,5,3,7.14503322162664,1,3,2,0.0,2,5,1,4,2,3,4,0,Active Coping,0
STU-2026-0376,19,Male,Off-Campus with family,,1.0,2,2,4,2,7.3,1,5,1,5.880506121443326,3,4,4,3.9809166806393224,1,3,4,5,No,4,4,1,3,5.5,4,4,14.921739691889156,5,2,3,0.0,1,5,2,5,2,4,5,1,Active Coping,0
STU-2026-0377,22,Male,Off-Campus alone,2.99,1.0,1,1,5,1,6.7,3,3,1,4.863559549079188,2,4,2,1.4831863677768264,1,3,1,2,No,5,5,2,5,3.5,5,3,14.496308772969973,4,3,1,0.0,0,5,2,5,2,2,3,0,Substance Use,0
STU-2026-0378,18,Female,On-Campus,3.04,0.8,4,5,2,5,7.7,1,5,1,2.900727202824277,2,4,3,1.7243764802707127,1,1,3,2,Part-time,5,5,1,5,1.5,4,4,12.28064067110342,4,4,3,0.0,3,5,1,5,3,2,3,0,Social Support Seeking,1
STU-2026-0379,22,Female,Off-Campus alone,3.19,1.0,3,3,4,4,7.2,2,3,1,10.111324776691607,4,5,4,5.938239903305615,2,5,5,5,Part-time,5,5,3,4,3.5,3,5,20.177916438114863,5,3,3,0.0,2,4,3,5,1,3,5,0,Substance Use,0
STU-2026-0380,19,Female,Off-Campus with family,3.47,1.0,2,3,4,3,8.4,1,4,3,7.025207417203025,2,5,5,2.169836823936604,2,1,4,4,No,2,1,1,1,3.5,5,3,11.07160201694002,3,2,3,0.0,2,5,3,4,3,3,3,0,Active Coping,1
STU-2026-0381,18,Female,Off-Campus alone,3.29,0.6,3,2,4,3,8.2,1,4,1,9.985400456311144,4,2,3,5.098677931726854,1,5,1,1,No,1,2,2,1,1.5,1,4,17.278093097622694,2,4,2,2.0,1,4,4,4,4,3,5,0,Denial,2
STU-2026-0382,21,Female,On-Campus,3.26,1.0,3,3,3,4,5.9,3,2,1,10.913431686461625,4,1,2,2.4450396063585327,3,1,4,4,No,3,4,1,3,0.0,3,5,14.260715000781348,3,3,3,1.0,2,5,1,5,2,4,2,0,Active Coping,1
STU-2026-0383,20,Male,Off-Campus with family,,1.0,2,2,3,2,7.0,1,5,1,7.13354370227386,3,5,4,3.1515089606685294,2,4,2,1,No,2,2,3,1,1.5,5,3,15.538475028233913,4,2,1,1.0,1,4,1,5,2,4,3,0,Denial,1
STU-2026-0384,22,Male,Off-Campus alone,2.92,0.8,4,5,3,4,10.0,1,4,1,3.716277170773438,2,2,1,0.7704718265047653,1,2,2,3,No,4,3,1,3,3.5,2,4,17.058931455229335,5,2,1,0.0,2,4,2,4,2,5,5,2,Active Coping,1
STU-2026-0385,21,Male,On-Campus,2.83,0.6,4,5,2,4,7.3,3,3,1,6.5095296353688346,2,5,4,4.300012620311681,3,2,2,2,Full-time,4,3,2,3,1.5,5,4,8.462128080544993,3,4,3,0.0,3,5,1,4,3,4,4,0,Social Support Seeking,1
STU-2026-0386,22,Female,Off-Campus alone,2.66,0.8,4,5,3,5,6.8,2,3,1,5.322140983092196,3,4,4,3.66186191282647,3,5,1,1,No,4,5,1,4,3.5,4,3,15.958304458673915,3,5,2,0.0,3,5,1,5,3,3,4,0,Active Coping,1
STU-2026-0387,19,Female,Off-Campus with family,3.85,0.8,4,4,3,5,7.5,3,3,1,2.049623852362531,2,4,2,0.6377228007082956,2,1,4,3,Part-time,3,2,3,3,0.0,1,1,26.444737448566034,5,2,2,0.0,2,4,3,4,3,3,3,0,Active Coping,1
STU-2026-0388,19,Male,On-Campus,2.62,0.8,3,3,3,3,7.4,3,3,2,5.745677737677804,2,3,3,1.7469906525639538,3,2,2,3,No,5,5,1,5,5.5,4,4,7.216183270606379,1,4,2,0.0,3,5,1,5,3,3,3,0,Denial,1
STU-2026-0389,21,Female,On-Campus,3.14,1.0,1,1,5,2,7.1,3,2,5,6.821156969838718,3,3,4,3.9348532118001636,4,5,2,3,No,1,1,3,1,1.5,5,5,14.711960181422477,5,1,2,0.0,1,5,2,4,3,1,5,0,Active Coping,0
STU-2026-0390,22,Non-Binary,Off-Campus with family,2.9,0.8,2,2,4,2,7.5,2,3,1,5.3916890105883635,2,4,4,1.7614092622064768,4,2,4,5,Part-time,3,3,1,3,3.5,4,3,20.616196624119098,2,3,1,0.0,2,3,2,4,3,5,4,1,Substance Use,1
STU-2026-0391,25,Male,On-Campus,3.34,1.0,1,1,4,1,7.7,2,4,1,5.071137282621282,3,5,3,3.2837555115072594,3,1,4,4,Part-time,4,4,3,4,0.0,5,3,16.508096239767987,3,3,2,0.0,0,5,2,5,2,1,4,1,Social Support Seeking,0
STU-2026-0392,20,Female,Off-Campus with family,2.86,0.6,5,5,2,5,7.9,2,4,1,3.806160444667613,1,5,1,1.853465276910297,2,2,3,2,Full-time,4,4,1,4,0.0,5,3,18.439834760580165,2,2,3,0.0,3,5,2,5,3,3,2,0,Active Coping,1
STU-2026-0393,19,Female,On-Campus,2.81,1.0,2,3,3,2,6.4,2,4,3,7.489805370885693,4,3,5,2.8115891365817145,2,2,3,4,No,3,4,1,2,3.5,3,4,3.1216699445369205,3,3,2,0.0,2,5,2,5,1,4,4,1,Active Coping,0
STU-2026-0394,21,Female,Off-Campus with family,3.4,1.0,2,2,5,2,7.1,2,3,1,11.673173208040602,4,2,4,7.194723806802623,4,5,1,1,No,1,1,2,1,5.5,2,5,17.991246873149752,3,5,5,1.0,2,4,3,2,5,3,5,0,Social Support Seeking,2
STU-2026-0395,19,Male,On-Campus,2.73,1.0,5,5,2,5,7.1,1,4,2,10.196559720127869,4,2,4,4.5548373875637855,4,3,4,4,Part-time,4,4,1,3,1.5,5,5,11.191558968832007,3,5,2,0.0,3,5,1,5,3,4,5,0,Substance Use,1
STU-2026-0396,23,Female,Off-Campus alone,2.68,0.8,5,5,2,5,7.7,2,4,2,8.634067219967413,3,5,4,5.662363372440347,3,4,3,3,No,1,2,1,1,0.0,4,5,16.549386422915735,5,2,2,1.0,3,5,3,4,3,3,4,0,Social Support Seeking,2
STU-2026-0397,22,Non-Binary,Off-Campus alone,3.52,1.0,4,4,2,4,5.5,4,1,3,8.688522797327602,2,3,5,5.769240985499421,4,3,5,5,No,2,3,4,2,1.5,2,5,14.852826345452545,4,2,3,1.0,3,5,3,4,3,2,4,1,Active Coping,2
STU-2026-0398,20,Female,Off-Campus alone,3.23,0.6,1,1,4,1,7.7,1,5,3,6.668392139352187,3,1,4,1.8852216489422013,2,1,1,2,No,4,5,5,3,0.0,5,4,26.391665145808165,4,5,1,0.0,0,5,3,5,1,2,4,0,Active Coping,0
STU-2026-0399,21,Female,Off-Campus with family,3.13,0.8,1,1,5,1,6.1,3,2,1,2.488717051782399,1,3,2,0.5006345605858552,1,2,1,1,No,3,2,3,2,0.0,5,3,17.73347661882938,2,2,4,1.0,1,4,2,4,2,5,4,0,Active Coping,1
STU-2026-0400,21,Female,On-Campus,3.19,1.0,3,2,3,3,7.4,1,4,1,6.076420776348252,3,3,3,4.204673358856231,2,2,2,1,Part-time,3,2,1,3,3.5,4,5,14.43688085368607,5,4,3,0.0,2,4,2,4,2,3,4,1,Active Coping,1
